Frame,Residue1,Residue2,Interaction
0,19,24,Tilted stacking
1,19,24,Tilted stacking
2,19,24,Tilted stacking
3,19,24,Tilted stacking
4,19,24,Tilted stacking
5,19,24,Tilted stacking
6,19,24,Tilted stacking
7,19,24,Tilted stacking
8,19,24,Tilted stacking
9,19,24,Tilted stacking
10,19,24,Tilted stacking
11,19,24,Tilted stacking
12,19,24,Tilted stacking
13,19,24,Tilted stacking
14,19,24,Tilted stacking
15,19,24,Tilted stacking
16,19,24,Tilted stacking
17,19,24,Tilted stacking
18,19,24,Tilted stacking
19,19,24,Tilted stacking
20,19,24,Tilted stacking
21,19,24,Tilted stacking
22,19,24,Tilted stacking
23,19,24,Tilted stacking
24,19,24,Tilted stacking
25,19,24,Tilted stacking
26,19,24,Tilted stacking
27,19,24,Tilted stacking
28,19,24,Tilted stacking
29,19,24,Tilted stacking
30,19,24,Tilted stacking
31,19,24,Tilted stacking
32,19,24,Tilted stacking
33,19,24,Tilted stacking
34,19,24,Tilted stacking
35,19,24,Tilted stacking
36,19,24,Tilted stacking
37,19,24,Tilted stacking
38,19,24,Tilted stacking
39,19,24,Tilted stacking
40,19,24,Tilted stacking
41,19,24,Tilted stacking
42,19,24,Tilted stacking
43,19,24,Tilted stacking
44,19,24,Tilted stacking
45,19,24,Tilted stacking
46,19,24,Tilted stacking
47,19,24,Tilted stacking
48,19,24,Tilted stacking
49,19,24,Tilted stacking
50,19,24,Tilted stacking
51,19,24,Tilted stacking
52,19,24,Tilted stacking
53,19,24,Tilted stacking
54,19,24,Tilted stacking
55,19,24,Tilted stacking
56,19,24,Tilted stacking
57,19,24,Tilted stacking
58,19,24,Tilted stacking
59,19,24,Tilted stacking
60,19,24,Tilted stacking
61,19,24,Tilted stacking
62,19,24,Tilted stacking
63,19,24,Tilted stacking
64,19,24,Tilted stacking
65,19,24,Tilted stacking
66,19,24,Tilted stacking
67,19,24,Tilted stacking
68,19,24,Tilted stacking
69,19,24,Tilted stacking
70,19,24,Tilted stacking
71,19,24,Tilted stacking
72,19,24,Tilted stacking
73,19,24,Tilted stacking
74,19,24,Tilted stacking
75,19,24,Tilted stacking
76,19,24,Tilted stacking
77,19,24,Tilted stacking
78,19,24,Tilted stacking
79,19,24,Tilted stacking
80,19,24,Tilted stacking
81,19,24,Tilted stacking
82,19,24,Tilted stacking
83,19,24,Tilted stacking
84,19,24,Tilted stacking
85,19,24,Tilted stacking
86,19,24,Tilted stacking
87,19,24,Tilted stacking
88,19,24,Tilted stacking
89,19,24,Tilted stacking
90,19,24,Tilted stacking
91,19,24,Tilted stacking
92,19,24,Tilted stacking
93,19,24,Tilted stacking
94,19,24,Tilted stacking
95,19,24,Tilted stacking
96,19,24,Tilted stacking
97,19,24,Tilted stacking
98,19,24,Tilted stacking
99,19,24,Tilted stacking
100,19,24,Tilted stacking
101,19,24,Tilted stacking
102,19,24,Tilted stacking
103,19,24,Tilted stacking
104,19,24,Tilted stacking
105,19,24,Tilted stacking
106,19,24,Tilted stacking
107,19,24,Tilted stacking
108,19,24,Tilted stacking
109,19,24,Tilted stacking
110,19,24,Tilted stacking
111,19,24,Tilted stacking
112,19,24,Tilted stacking
113,19,24,Tilted stacking
114,19,24,Tilted stacking
115,19,24,Tilted stacking
116,19,24,Tilted stacking
117,19,24,Tilted stacking
118,19,24,Tilted stacking
119,19,24,Tilted stacking
120,19,24,Tilted stacking
121,19,24,Tilted stacking
122,19,24,Tilted stacking
123,19,24,Tilted stacking
124,19,24,Tilted stacking
125,19,24,Tilted stacking
126,19,24,Tilted stacking
127,19,24,Tilted stacking
128,19,24,Tilted stacking
129,19,24,Tilted stacking
130,19,24,Tilted stacking
131,19,24,Tilted stacking
132,19,24,Tilted stacking
133,19,24,Tilted stacking
134,19,24,Tilted stacking
135,19,24,Tilted stacking
136,19,24,Tilted stacking
137,19,24,Tilted stacking
138,19,24,Tilted stacking
139,19,24,Tilted stacking
140,19,24,Tilted stacking
141,19,24,Tilted stacking
142,19,24,Tilted stacking
143,19,24,Tilted stacking
144,19,24,Tilted stacking
145,19,24,Tilted stacking
146,19,24,Tilted stacking
147,19,24,Tilted stacking
148,19,24,Tilted stacking
149,19,24,Tilted stacking
150,19,24,Tilted stacking
151,19,24,Tilted stacking
152,19,24,Tilted stacking
153,19,24,Tilted stacking
154,19,24,Tilted stacking
155,19,24,Tilted stacking
156,19,24,Tilted stacking
157,19,24,Tilted stacking
158,19,24,Tilted stacking
159,19,24,Tilted stacking
160,19,24,Tilted stacking
161,19,24,Tilted stacking
162,19,24,Tilted stacking
163,19,24,Tilted stacking
164,19,24,Tilted stacking
165,19,24,Tilted stacking
166,19,24,Tilted stacking
167,19,24,Tilted stacking
168,19,24,Tilted stacking
169,19,24,Tilted stacking
170,19,24,Tilted stacking
171,19,24,Tilted stacking
172,19,24,Tilted stacking
173,19,24,Tilted stacking
174,19,24,Tilted stacking
175,19,24,Tilted stacking
176,19,24,Tilted stacking
177,19,24,Tilted stacking
178,19,24,Tilted stacking
179,19,24,Tilted stacking
180,19,24,Tilted stacking
181,19,24,Tilted stacking
182,19,24,Tilted stacking
183,19,24,Tilted stacking
184,19,24,Tilted stacking
185,19,24,Tilted stacking
186,19,24,Tilted stacking
187,19,24,Tilted stacking
188,19,24,Tilted stacking
189,19,24,Tilted stacking
190,19,24,Tilted stacking
191,19,24,Tilted stacking
192,19,24,Tilted stacking
193,19,24,Tilted stacking
194,19,24,Tilted stacking
195,19,24,Tilted stacking
196,19,24,Tilted stacking
197,19,24,Tilted stacking
198,19,24,Tilted stacking
199,19,24,Tilted stacking
200,19,24,Tilted stacking
201,19,24,Tilted stacking
202,19,24,Tilted stacking
203,19,24,Tilted stacking
204,19,24,Tilted stacking
205,19,24,Tilted stacking
206,19,24,Tilted stacking
207,19,24,Tilted stacking
208,19,24,Tilted stacking
209,19,24,Tilted stacking
210,19,24,Tilted stacking
211,19,24,Tilted stacking
212,19,24,Tilted stacking
213,19,24,Tilted stacking
214,19,24,Tilted stacking
215,19,24,Tilted stacking
216,19,24,Tilted stacking
217,19,24,Tilted stacking
218,19,24,Tilted stacking
219,19,24,Tilted stacking
220,19,24,Tilted stacking
221,19,24,Tilted stacking
222,19,24,Tilted stacking
223,19,24,Tilted stacking
224,19,24,Tilted stacking
225,19,24,Tilted stacking
226,19,24,Tilted stacking
227,19,24,Tilted stacking
228,19,24,Tilted stacking
229,19,24,Tilted stacking
230,19,24,Tilted stacking
231,19,24,Tilted stacking
232,19,24,Tilted stacking
233,19,24,Tilted stacking
234,19,24,Tilted stacking
235,19,24,Tilted stacking
236,19,24,Tilted stacking
237,19,24,Tilted stacking
238,19,24,Tilted stacking
239,19,24,Tilted stacking
240,19,24,Tilted stacking
241,19,24,Tilted stacking
242,19,24,Tilted stacking
243,19,24,Tilted stacking
244,19,24,Tilted stacking
245,19,24,Tilted stacking
246,19,24,Tilted stacking
247,19,24,Tilted stacking
248,19,24,Tilted stacking
249,19,24,Tilted stacking
250,19,24,Tilted stacking
251,19,24,Tilted stacking
252,19,24,Tilted stacking
253,19,24,Tilted stacking
254,19,24,Tilted stacking
255,19,24,Tilted stacking
256,19,24,Tilted stacking
257,19,24,Tilted stacking
258,19,24,Tilted stacking
259,19,24,Tilted stacking
260,19,24,Tilted stacking
261,19,24,Tilted stacking
262,19,24,Tilted stacking
263,19,24,Tilted stacking
264,19,24,Tilted stacking
265,19,24,Tilted stacking
266,19,24,Tilted stacking
267,19,24,Tilted stacking
268,19,24,Tilted stacking
269,19,24,Tilted stacking
270,19,24,Tilted stacking
271,19,24,Tilted stacking
272,19,24,Tilted stacking
273,19,24,Tilted stacking
274,19,24,Tilted stacking
275,19,24,Tilted stacking
276,19,24,Tilted stacking
277,19,24,Tilted stacking
278,19,24,Tilted stacking
279,19,24,Tilted stacking
280,19,24,Tilted stacking
281,19,24,Tilted stacking
282,19,24,Tilted stacking
283,19,24,Tilted stacking
284,19,24,Tilted stacking
285,19,24,Tilted stacking
286,19,24,Tilted stacking
287,19,24,Tilted stacking
288,19,24,Tilted stacking
289,19,24,Tilted stacking
290,19,24,Tilted stacking
291,19,24,Tilted stacking
292,19,24,Tilted stacking
293,19,24,Tilted stacking
294,19,24,Tilted stacking
295,19,24,Tilted stacking
296,19,24,Tilted stacking
297,19,24,Tilted stacking
298,19,24,Tilted stacking
299,19,24,Tilted stacking
300,19,24,Tilted stacking
301,19,24,Tilted stacking
302,19,24,Tilted stacking
303,19,24,Tilted stacking
304,19,24,Tilted stacking
305,19,24,Tilted stacking
306,19,24,Tilted stacking
307,19,24,Tilted stacking
308,19,24,Tilted stacking
309,19,24,Tilted stacking
310,19,24,Tilted stacking
311,19,24,Tilted stacking
312,19,24,Tilted stacking
313,19,24,Tilted stacking
314,19,24,Tilted stacking
315,19,24,Tilted stacking
316,19,24,Tilted stacking
317,19,24,Tilted stacking
318,19,24,Tilted stacking
319,19,24,Tilted stacking
320,19,24,Tilted stacking
321,19,24,Tilted stacking
322,19,24,Tilted stacking
323,19,24,Tilted stacking
324,19,24,Tilted stacking
325,19,24,Tilted stacking
326,19,24,Tilted stacking
327,19,24,Tilted stacking
328,19,24,Tilted stacking
329,19,24,Tilted stacking
330,19,24,Tilted stacking
331,19,24,Tilted stacking
332,19,24,Tilted stacking
333,19,24,Tilted stacking
334,19,24,Tilted stacking
335,19,24,Tilted stacking
337,19,24,Tilted stacking
338,19,24,Tilted stacking
339,19,24,Tilted stacking
340,19,24,Tilted stacking
341,19,24,Tilted stacking
344,19,24,Tilted stacking
345,19,24,Tilted stacking
346,19,24,Tilted stacking
347,19,24,Tilted stacking
348,19,24,Tilted stacking
349,19,24,Tilted stacking
350,19,24,Tilted stacking
351,19,24,Tilted stacking
352,19,24,Tilted stacking
353,19,24,Tilted stacking
354,19,24,Tilted stacking
355,19,24,Tilted stacking
356,19,24,Tilted stacking
357,19,24,Tilted stacking
358,19,24,Tilted stacking
359,19,24,Tilted stacking
360,19,24,Tilted stacking
361,19,24,Tilted stacking
362,19,24,Tilted stacking
363,19,24,Tilted stacking
364,19,24,Tilted stacking
366,19,24,Tilted stacking
367,19,24,Tilted stacking
368,19,24,Tilted stacking
369,19,24,Tilted stacking
370,19,24,Tilted stacking
371,19,24,Tilted stacking
372,19,24,Tilted stacking
373,19,24,Tilted stacking
374,19,24,Tilted stacking
375,19,24,Tilted stacking
376,19,24,Tilted stacking
377,19,24,Tilted stacking
378,19,24,Tilted stacking
379,19,24,Parallel stacking
380,19,24,Tilted stacking
381,19,24,Tilted stacking
382,19,24,Tilted stacking
383,19,24,Tilted stacking
384,19,24,Tilted stacking
385,19,24,Tilted stacking
386,19,24,Tilted stacking
387,19,24,Tilted stacking
388,19,24,Tilted stacking
389,19,24,Tilted stacking
390,19,24,Tilted stacking
391,19,24,Tilted stacking
392,19,24,Tilted stacking
393,19,24,Tilted stacking
394,19,24,Tilted stacking
395,19,24,Tilted stacking
396,19,24,Tilted stacking
397,19,24,Tilted stacking
398,19,24,Tilted stacking
399,19,24,Tilted stacking
400,19,24,Tilted stacking
401,19,24,Tilted stacking
402,19,24,Tilted stacking
403,19,24,Tilted stacking
404,19,24,Tilted stacking
405,19,24,Tilted stacking
406,19,24,Tilted stacking
407,19,24,Tilted stacking
408,19,24,Tilted stacking
409,19,24,Tilted stacking
410,19,24,Tilted stacking
411,19,24,Tilted stacking
412,19,24,Tilted stacking
413,19,24,Tilted stacking
414,19,24,Tilted stacking
415,19,24,Tilted stacking
416,19,24,Tilted stacking
417,19,24,Tilted stacking
418,19,24,Tilted stacking
419,19,24,Tilted stacking
420,19,24,Tilted stacking
421,19,24,Tilted stacking
422,19,24,Tilted stacking
423,19,24,Tilted stacking
424,19,24,Tilted stacking
425,19,24,Tilted stacking
426,19,24,Tilted stacking
427,19,24,Tilted stacking
428,19,24,Tilted stacking
429,19,24,Tilted stacking
430,19,24,Tilted stacking
431,19,24,Tilted stacking
432,19,24,Tilted stacking
433,19,24,Tilted stacking
434,19,24,Tilted stacking
435,19,24,Tilted stacking
436,19,24,Tilted stacking
437,19,24,Tilted stacking
438,19,24,Tilted stacking
439,19,24,Tilted stacking
440,19,24,Tilted stacking
441,19,24,Tilted stacking
442,19,24,Tilted stacking
443,19,24,Tilted stacking
444,19,24,Tilted stacking
445,19,24,Tilted stacking
446,19,24,Tilted stacking
447,19,24,Tilted stacking
448,19,24,Tilted stacking
449,19,24,Tilted stacking
450,19,24,Tilted stacking
451,19,24,Tilted stacking
452,19,24,Tilted stacking
453,19,24,Tilted stacking
454,19,24,Tilted stacking
455,19,24,Tilted stacking
456,19,24,Tilted stacking
457,19,24,Tilted stacking
458,19,24,Tilted stacking
459,19,24,Tilted stacking
460,19,24,Tilted stacking
461,19,24,Tilted stacking
462,19,24,Tilted stacking
463,19,24,Tilted stacking
464,19,24,Tilted stacking
465,19,24,Tilted stacking
466,19,24,Tilted stacking
467,19,24,Tilted stacking
468,19,24,Tilted stacking
469,19,24,Tilted stacking
470,19,24,Tilted stacking
471,19,24,Tilted stacking
472,19,24,Tilted stacking
473,19,24,Tilted stacking
474,19,24,Tilted stacking
475,19,24,Tilted stacking
476,19,24,Tilted stacking
477,19,24,Tilted stacking
478,19,24,Tilted stacking
479,19,24,Tilted stacking
480,19,24,Tilted stacking
481,19,24,Tilted stacking
482,19,24,Tilted stacking
483,19,24,Tilted stacking
484,19,24,Tilted stacking
485,19,24,Tilted stacking
486,19,24,Tilted stacking
487,19,24,Tilted stacking
488,19,24,Tilted stacking
489,19,24,Tilted stacking
490,19,24,Tilted stacking
491,19,24,Tilted stacking
492,19,24,Tilted stacking
493,19,24,Tilted stacking
494,19,24,Tilted stacking
495,19,24,Tilted stacking
496,19,24,Tilted stacking
497,19,24,Tilted stacking
498,19,24,Tilted stacking
499,19,24,Tilted stacking
500,19,24,Tilted stacking
501,19,24,Tilted stacking
502,19,24,Tilted stacking
503,19,24,Tilted stacking
504,19,24,Tilted stacking
505,19,24,Tilted stacking
506,19,24,Tilted stacking
507,19,24,Tilted stacking
508,19,24,Tilted stacking
509,19,24,Tilted stacking
510,19,24,Tilted stacking
511,19,24,Tilted stacking
512,19,24,Tilted stacking
513,19,24,Tilted stacking
514,19,24,Tilted stacking
515,19,24,Tilted stacking
516,19,24,Tilted stacking
517,19,24,Tilted stacking
518,19,24,Tilted stacking
519,19,24,Tilted stacking
520,19,24,Tilted stacking
521,19,24,Tilted stacking
522,19,24,Tilted stacking
523,19,24,Tilted stacking
524,19,24,Tilted stacking
525,19,24,Tilted stacking
526,19,24,Tilted stacking
527,19,24,Tilted stacking
528,19,24,Tilted stacking
529,19,24,Tilted stacking
530,19,24,Tilted stacking
531,19,24,Tilted stacking
532,19,24,Tilted stacking
533,19,24,Tilted stacking
534,19,24,Tilted stacking
536,19,24,Tilted stacking
537,19,24,Tilted stacking
538,19,24,Tilted stacking
539,19,24,Tilted stacking
540,19,24,Tilted stacking
541,19,24,Tilted stacking
542,19,24,Tilted stacking
543,19,24,Tilted stacking
544,19,24,Tilted stacking
545,19,24,Tilted stacking
546,19,24,Tilted stacking
547,19,24,Tilted stacking
548,19,24,Tilted stacking
549,19,24,Tilted stacking
550,19,24,Tilted stacking
551,19,24,Tilted stacking
552,19,24,Tilted stacking
553,19,24,Tilted stacking
554,19,24,Tilted stacking
555,19,24,Tilted stacking
556,19,24,Tilted stacking
557,19,24,Tilted stacking
558,19,24,Tilted stacking
559,19,24,Tilted stacking
560,19,24,Tilted stacking
561,19,24,Tilted stacking
562,19,24,Tilted stacking
563,19,24,Tilted stacking
564,19,24,Tilted stacking
565,19,24,Tilted stacking
566,19,24,Tilted stacking
567,19,24,Tilted stacking
568,19,24,Tilted stacking
569,19,24,Tilted stacking
570,19,24,Tilted stacking
571,19,24,Tilted stacking
572,19,24,Tilted stacking
573,19,24,Tilted stacking
574,19,24,Tilted stacking
575,19,24,Tilted stacking
576,19,24,Tilted stacking
577,19,24,Tilted stacking
578,19,24,Tilted stacking
579,19,24,Tilted stacking
580,19,24,Tilted stacking
581,19,24,Tilted stacking
582,19,24,Tilted stacking
583,19,24,Tilted stacking
584,19,24,Tilted stacking
585,19,24,Tilted stacking
586,19,24,Tilted stacking
587,19,24,Tilted stacking
588,19,24,Tilted stacking
589,19,24,Tilted stacking
590,19,24,Tilted stacking
591,19,24,Tilted stacking
592,19,24,Tilted stacking
593,19,24,Tilted stacking
594,19,24,Tilted stacking
595,19,24,Parallel stacking
596,19,24,Tilted stacking
597,19,24,Tilted stacking
599,19,24,Tilted stacking
600,19,24,Tilted stacking
601,19,24,Tilted stacking
602,19,24,Tilted stacking
603,19,24,Tilted stacking
604,19,24,Tilted stacking
605,19,24,Tilted stacking
609,19,24,Tilted stacking
610,19,24,Tilted stacking
611,19,24,Tilted stacking
612,19,24,Tilted stacking
613,19,24,Tilted stacking
614,19,24,Tilted stacking
615,19,24,Tilted stacking
616,19,24,Tilted stacking
617,19,24,Tilted stacking
618,19,24,Tilted stacking
619,19,24,Tilted stacking
620,19,24,Tilted stacking
621,19,24,Tilted stacking
622,19,24,Tilted stacking
623,19,24,Tilted stacking
624,19,24,Tilted stacking
625,19,24,Tilted stacking
626,19,24,Tilted stacking
627,19,24,Tilted stacking
628,19,24,Tilted stacking
629,19,24,Tilted stacking
630,19,24,Tilted stacking
631,19,24,Tilted stacking
632,19,24,Tilted stacking
633,19,24,Tilted stacking
634,19,24,Tilted stacking
635,19,24,Tilted stacking
636,19,24,Tilted stacking
637,19,24,Tilted stacking
638,19,24,Tilted stacking
639,19,24,Tilted stacking
640,19,24,Tilted stacking
641,19,24,Tilted stacking
642,19,24,Tilted stacking
643,19,24,Tilted stacking
644,19,24,Tilted stacking
645,19,24,Tilted stacking
646,19,24,Tilted stacking
647,19,24,Tilted stacking
648,19,24,Tilted stacking
649,19,24,Tilted stacking
650,19,24,Tilted stacking
651,19,24,Tilted stacking
652,19,24,Tilted stacking
653,19,24,Tilted stacking
654,19,24,Tilted stacking
655,19,24,Tilted stacking
656,19,24,Tilted stacking
657,19,24,Tilted stacking
658,19,24,Tilted stacking
659,19,24,Tilted stacking
660,19,24,Tilted stacking
661,19,24,Tilted stacking
662,19,24,Tilted stacking
663,19,24,Tilted stacking
664,19,24,Tilted stacking
665,19,24,Tilted stacking
666,19,24,Tilted stacking
667,19,24,Tilted stacking
668,19,24,Tilted stacking
669,19,24,Tilted stacking
670,19,24,Tilted stacking
671,19,24,Tilted stacking
672,19,24,Tilted stacking
673,19,24,Tilted stacking
674,19,24,Tilted stacking
675,19,24,Tilted stacking
676,19,24,Tilted stacking
677,19,24,Tilted stacking
678,19,24,Tilted stacking
679,19,24,Tilted stacking
680,19,24,Tilted stacking
681,19,24,Tilted stacking
682,19,24,Tilted stacking
683,19,24,Tilted stacking
684,19,24,Tilted stacking
685,19,24,Tilted stacking
686,19,24,Tilted stacking
687,19,24,Tilted stacking
688,19,24,Tilted stacking
689,19,24,Tilted stacking
690,19,24,Tilted stacking
691,19,24,Tilted stacking
692,19,24,Tilted stacking
693,19,24,Tilted stacking
694,19,24,Tilted stacking
695,19,24,Tilted stacking
696,19,24,Tilted stacking
697,19,24,Tilted stacking
698,19,24,Tilted stacking
699,19,24,Tilted stacking
700,19,24,Tilted stacking
701,19,24,Tilted stacking
702,19,24,Tilted stacking
703,19,24,Tilted stacking
704,19,24,Tilted stacking
705,19,24,Tilted stacking
706,19,24,Tilted stacking
707,19,24,Tilted stacking
708,19,24,Tilted stacking
709,19,24,Tilted stacking
711,19,24,Tilted stacking
712,19,24,Tilted stacking
713,19,24,Tilted stacking
714,19,24,Tilted stacking
715,19,24,Tilted stacking
716,19,24,Tilted stacking
717,19,24,Tilted stacking
718,19,24,Tilted stacking
719,19,24,Tilted stacking
720,19,24,Tilted stacking
721,19,24,Tilted stacking
722,19,24,Tilted stacking
723,19,24,Tilted stacking
724,19,24,Tilted stacking
725,19,24,Tilted stacking
726,19,24,Tilted stacking
727,19,24,Tilted stacking
728,19,24,Tilted stacking
729,19,24,Tilted stacking
730,19,24,Tilted stacking
731,19,24,Tilted stacking
732,19,24,Tilted stacking
733,19,24,Tilted stacking
734,19,24,Tilted stacking
735,19,24,Tilted stacking
736,19,24,Tilted stacking
737,19,24,Tilted stacking
738,19,24,Tilted stacking
739,19,24,Tilted stacking
740,19,24,Tilted stacking
741,19,24,Tilted stacking
742,19,24,Tilted stacking
743,19,24,Tilted stacking
744,19,24,Tilted stacking
745,19,24,Tilted stacking
746,19,24,Tilted stacking
747,19,24,Tilted stacking
748,19,24,Tilted stacking
749,19,24,Tilted stacking
750,19,24,Tilted stacking
751,19,24,Tilted stacking
752,19,24,Tilted stacking
753,19,24,Tilted stacking
754,19,24,Tilted stacking
755,19,24,Tilted stacking
756,19,24,Tilted stacking
757,19,24,Tilted stacking
758,19,24,Tilted stacking
759,19,24,Tilted stacking
760,19,24,Tilted stacking
761,19,24,Tilted stacking
762,19,24,Tilted stacking
763,19,24,Tilted stacking
764,19,24,Tilted stacking
765,19,24,Tilted stacking
767,19,24,Tilted stacking
768,19,24,Tilted stacking
769,19,24,Tilted stacking
770,19,24,Tilted stacking
771,19,24,Tilted stacking
772,19,24,Tilted stacking
773,19,24,Tilted stacking
774,19,24,Tilted stacking
775,19,24,Tilted stacking
776,19,24,Tilted stacking
777,19,24,Tilted stacking
778,19,24,Tilted stacking
779,19,24,Tilted stacking
780,19,24,Tilted stacking
781,19,24,Tilted stacking
782,19,24,Tilted stacking
783,19,24,Tilted stacking
784,19,24,Tilted stacking
785,19,24,Tilted stacking
786,19,24,Tilted stacking
787,19,24,Tilted stacking
788,19,24,Tilted stacking
789,19,24,Tilted stacking
790,19,24,Tilted stacking
791,19,24,Tilted stacking
792,19,24,Tilted stacking
793,19,24,Tilted stacking
794,19,24,Tilted stacking
795,19,24,Tilted stacking
796,19,24,Tilted stacking
797,19,24,Tilted stacking
798,19,24,Tilted stacking
799,19,24,Tilted stacking
800,19,24,Tilted stacking
801,19,24,Tilted stacking
802,19,24,Tilted stacking
803,19,24,Tilted stacking
804,19,24,Tilted stacking
805,19,24,Tilted stacking
806,19,24,Tilted stacking
807,19,24,Tilted stacking
808,19,24,Tilted stacking
809,19,24,Tilted stacking
810,19,24,Tilted stacking
811,19,24,Tilted stacking
812,19,24,Tilted stacking
813,19,24,Tilted stacking
814,19,24,Tilted stacking
815,19,24,Tilted stacking
816,19,24,Tilted stacking
817,19,24,Tilted stacking
818,19,24,Tilted stacking
819,19,24,Tilted stacking
820,19,24,Tilted stacking
821,19,24,Tilted stacking
822,19,24,Tilted stacking
823,19,24,Tilted stacking
826,19,24,Tilted stacking
827,19,24,Tilted stacking
828,19,24,Tilted stacking
829,19,24,Tilted stacking
830,19,24,Tilted stacking
831,19,24,Tilted stacking
832,19,24,Tilted stacking
833,19,24,Tilted stacking
834,19,24,Tilted stacking
835,19,24,Tilted stacking
836,19,24,Tilted stacking
838,19,24,Tilted stacking
839,19,24,Tilted stacking
840,19,24,Tilted stacking
841,19,24,Tilted stacking
842,19,24,Tilted stacking
843,19,24,Tilted stacking
844,19,24,Tilted stacking
845,19,24,Tilted stacking
846,19,24,Tilted stacking
847,19,24,Tilted stacking
848,19,24,Tilted stacking
849,19,24,Tilted stacking
850,19,24,Tilted stacking
851,19,24,Tilted stacking
852,19,24,Tilted stacking
853,19,24,Tilted stacking
854,19,24,Tilted stacking
855,19,24,Tilted stacking
856,19,24,Tilted stacking
857,19,24,Tilted stacking
858,19,24,Tilted stacking
859,19,24,Tilted stacking
860,19,24,Tilted stacking
861,19,24,Tilted stacking
862,19,24,Tilted stacking
863,19,24,Tilted stacking
864,19,24,Tilted stacking
865,19,24,Tilted stacking
866,19,24,Tilted stacking
867,19,24,Tilted stacking
868,19,24,Tilted stacking
869,19,24,Tilted stacking
870,19,24,Tilted stacking
871,19,24,Tilted stacking
872,19,24,Tilted stacking
873,19,24,Tilted stacking
874,19,24,Tilted stacking
875,19,24,Tilted stacking
876,19,24,Tilted stacking
877,19,24,Tilted stacking
878,19,24,Tilted stacking
879,19,24,Tilted stacking
880,19,24,Tilted stacking
881,19,24,Tilted stacking
882,19,24,Tilted stacking
883,19,24,Tilted stacking
884,19,24,Tilted stacking
885,19,24,Tilted stacking
886,19,24,Tilted stacking
887,19,24,Tilted stacking
888,19,24,Tilted stacking
889,19,24,Tilted stacking
890,19,24,Tilted stacking
891,19,24,Tilted stacking
892,19,24,Tilted stacking
893,19,24,Tilted stacking
894,19,24,Tilted stacking
895,19,24,Tilted stacking
896,19,24,Tilted stacking
897,19,24,Tilted stacking
898,19,24,Tilted stacking
899,19,24,Tilted stacking
900,19,24,Tilted stacking
901,19,24,Tilted stacking
902,19,24,Tilted stacking
903,19,24,Tilted stacking
904,19,24,Tilted stacking
905,19,24,Tilted stacking
906,19,24,Tilted stacking
907,19,24,Tilted stacking
908,19,24,Tilted stacking
909,19,24,Tilted stacking
910,19,24,Tilted stacking
911,19,24,Tilted stacking
912,19,24,Tilted stacking
913,19,24,Tilted stacking
914,19,24,Tilted stacking
915,19,24,Tilted stacking
916,19,24,Tilted stacking
917,19,24,Tilted stacking
918,19,24,Tilted stacking
919,19,24,Tilted stacking
920,19,24,Tilted stacking
921,19,24,Tilted stacking
922,19,24,Tilted stacking
923,19,24,Tilted stacking
924,19,24,Tilted stacking
925,19,24,Tilted stacking
926,19,24,Tilted stacking
927,19,24,Tilted stacking
928,19,24,Tilted stacking
929,19,24,Tilted stacking
930,19,24,Tilted stacking
931,19,24,Tilted stacking
932,19,24,Tilted stacking
933,19,24,Tilted stacking
934,19,24,Tilted stacking
935,19,24,Tilted stacking
936,19,24,Tilted stacking
937,19,24,Tilted stacking
938,19,24,Tilted stacking
939,19,24,Tilted stacking
940,19,24,Tilted stacking
941,19,24,Tilted stacking
942,19,24,Tilted stacking
943,19,24,Tilted stacking
944,19,24,Tilted stacking
945,19,24,Tilted stacking
946,19,24,Tilted stacking
947,19,24,Tilted stacking
948,19,24,Tilted stacking
949,19,24,Tilted stacking
950,19,24,Tilted stacking
951,19,24,Tilted stacking
952,19,24,Tilted stacking
953,19,24,Tilted stacking
954,19,24,Tilted stacking
955,19,24,Tilted stacking
956,19,24,Tilted stacking
957,19,24,Tilted stacking
958,19,24,Tilted stacking
959,19,24,Tilted stacking
960,19,24,Tilted stacking
961,19,24,Tilted stacking
962,19,24,Tilted stacking
963,19,24,Tilted stacking
964,19,24,Tilted stacking
965,19,24,Tilted stacking
966,19,24,Tilted stacking
967,19,24,Tilted stacking
968,19,24,Tilted stacking
969,19,24,Tilted stacking
970,19,24,Tilted stacking
971,19,24,Tilted stacking
972,19,24,Tilted stacking
973,19,24,Tilted stacking
974,19,24,Tilted stacking
975,19,24,Tilted stacking
976,19,24,Tilted stacking
977,19,24,Tilted stacking
978,19,24,Tilted stacking
979,19,24,Tilted stacking
980,19,24,Tilted stacking
981,19,24,Tilted stacking
982,19,24,Tilted stacking
983,19,24,Tilted stacking
984,19,24,Tilted stacking
985,19,24,Tilted stacking
986,19,24,Tilted stacking
987,19,24,Tilted stacking
988,19,24,Tilted stacking
989,19,24,Tilted stacking
990,19,24,Tilted stacking
991,19,24,Tilted stacking
992,19,24,Tilted stacking
993,19,24,Tilted stacking
994,19,24,Tilted stacking
995,19,24,Tilted stacking
996,19,24,Tilted stacking
997,19,24,Tilted stacking
998,19,24,Tilted stacking
999,19,24,Tilted stacking
1000,19,24,Tilted stacking
1001,19,24,Tilted stacking
1002,19,24,Tilted stacking
1003,19,24,Tilted stacking
1004,19,24,Tilted stacking
1005,19,24,Tilted stacking
1006,19,24,Tilted stacking
1007,19,24,Tilted stacking
1008,19,24,Tilted stacking
1009,19,24,Tilted stacking
1010,19,24,Tilted stacking
1011,19,24,Tilted stacking
1012,19,24,Tilted stacking
1013,19,24,Tilted stacking
1014,19,24,Tilted stacking
1015,19,24,Tilted stacking
1016,19,24,Tilted stacking
1017,19,24,Tilted stacking
1018,19,24,Tilted stacking
1019,19,24,Tilted stacking
1020,19,24,Tilted stacking
1021,19,24,Tilted stacking
1022,19,24,Tilted stacking
1023,19,24,Tilted stacking
1024,19,24,Tilted stacking
1025,19,24,Tilted stacking
1026,19,24,Tilted stacking
1027,19,24,Tilted stacking
1028,19,24,Tilted stacking
1029,19,24,Tilted stacking
1030,19,24,Tilted stacking
1031,19,24,Tilted stacking
1032,19,24,Tilted stacking
1033,19,24,Tilted stacking
1034,19,24,Tilted stacking
1035,19,24,Tilted stacking
1036,19,24,Tilted stacking
1037,19,24,Tilted stacking
1038,19,24,Tilted stacking
1039,19,24,Tilted stacking
1040,19,24,Tilted stacking
1041,19,24,Tilted stacking
1042,19,24,Tilted stacking
1043,19,24,Tilted stacking
1044,19,24,Tilted stacking
1045,19,24,Tilted stacking
1046,19,24,Tilted stacking
1047,19,24,Tilted stacking
1048,19,24,Tilted stacking
1049,19,24,Tilted stacking
1050,19,24,Tilted stacking
1051,19,24,Tilted stacking
1052,19,24,Tilted stacking
1053,19,24,Tilted stacking
1054,19,24,Tilted stacking
1055,19,24,Tilted stacking
1056,19,24,Tilted stacking
1057,19,24,Tilted stacking
1058,19,24,Tilted stacking
1059,19,24,Tilted stacking
1060,19,24,Tilted stacking
1061,19,24,Tilted stacking
1062,19,24,Tilted stacking
1063,19,24,Tilted stacking
1064,19,24,Tilted stacking
1065,19,24,Tilted stacking
1066,19,24,Tilted stacking
1067,19,24,Tilted stacking
1068,19,24,Tilted stacking
1069,19,24,Tilted stacking
1070,19,24,Tilted stacking
1071,19,24,Tilted stacking
1072,19,24,Tilted stacking
1073,19,24,Tilted stacking
1074,19,24,Tilted stacking
1075,19,24,Tilted stacking
1076,19,24,Tilted stacking
1077,19,24,Tilted stacking
1078,19,24,Tilted stacking
1079,19,24,Tilted stacking
1080,19,24,Tilted stacking
1081,19,24,Tilted stacking
1082,19,24,Tilted stacking
1083,19,24,Tilted stacking
1084,19,24,Tilted stacking
1085,19,24,Tilted stacking
1086,19,24,Tilted stacking
1087,19,24,Tilted stacking
1088,19,24,Tilted stacking
1089,19,24,Tilted stacking
1090,19,24,Tilted stacking
1091,19,24,Tilted stacking
1092,19,24,Tilted stacking
1093,19,24,Tilted stacking
1094,19,24,Tilted stacking
1095,19,24,Tilted stacking
1096,19,24,Tilted stacking
1097,19,24,Tilted stacking
1098,19,24,Tilted stacking
1099,19,24,Tilted stacking
1100,19,24,Tilted stacking
1101,19,24,Tilted stacking
1102,19,24,Tilted stacking
1103,19,24,Tilted stacking
1104,19,24,Tilted stacking
1105,19,24,Tilted stacking
1106,19,24,Tilted stacking
1107,19,24,Tilted stacking
1108,19,24,Tilted stacking
1109,19,24,Tilted stacking
1110,19,24,Tilted stacking
1111,19,24,Tilted stacking
1112,19,24,Tilted stacking
1113,19,24,Tilted stacking
1114,19,24,Tilted stacking
1115,19,24,Tilted stacking
1116,19,24,Tilted stacking
1117,19,24,Tilted stacking
1118,19,24,Tilted stacking
1119,19,24,Tilted stacking
1120,19,24,Tilted stacking
1121,19,24,Tilted stacking
1122,19,24,Tilted stacking
1123,19,24,Tilted stacking
1124,19,24,Tilted stacking
1125,19,24,Tilted stacking
1126,19,24,Tilted stacking
1127,19,24,Tilted stacking
1128,19,24,Tilted stacking
1129,19,24,Tilted stacking
1130,19,24,Tilted stacking
1131,19,24,Tilted stacking
1132,19,24,Tilted stacking
1133,19,24,Tilted stacking
1134,19,24,Tilted stacking
1135,19,24,Tilted stacking
1136,19,24,Tilted stacking
1137,19,24,Tilted stacking
1138,19,24,Tilted stacking
1139,19,24,Tilted stacking
1140,19,24,Tilted stacking
1141,19,24,Tilted stacking
1142,19,24,Tilted stacking
1143,19,24,Tilted stacking
1144,19,24,Tilted stacking
1145,19,24,Tilted stacking
1146,19,24,Tilted stacking
1147,19,24,Parallel stacking
1148,19,24,Tilted stacking
1151,19,24,Tilted stacking
1152,19,24,Tilted stacking
1153,19,24,Tilted stacking
1154,19,24,Tilted stacking
1155,19,24,Tilted stacking
1156,19,24,Tilted stacking
1157,19,24,Tilted stacking
1158,19,24,Tilted stacking
1159,19,24,Tilted stacking
1160,19,24,Tilted stacking
1161,19,24,Tilted stacking
1162,19,24,Tilted stacking
1163,19,24,Tilted stacking
1164,19,24,Tilted stacking
1165,19,24,Tilted stacking
1166,19,24,Tilted stacking
1167,19,24,Tilted stacking
1168,19,24,Tilted stacking
1169,19,24,Tilted stacking
1170,19,24,Tilted stacking
1171,19,24,Tilted stacking
1172,19,24,Tilted stacking
1173,19,24,Tilted stacking
1174,19,24,Tilted stacking
1175,19,24,Tilted stacking
1176,19,24,Tilted stacking
1177,19,24,Tilted stacking
1178,19,24,Tilted stacking
1179,19,24,Tilted stacking
1180,19,24,Tilted stacking
1181,19,24,Tilted stacking
1182,19,24,Tilted stacking
1183,19,24,Tilted stacking
1184,19,24,Tilted stacking
1185,19,24,Tilted stacking
1186,19,24,Tilted stacking
1187,19,24,Tilted stacking
1188,19,24,Tilted stacking
1189,19,24,Tilted stacking
1190,19,24,Tilted stacking
1191,19,24,Tilted stacking
1192,19,24,Tilted stacking
1193,19,24,Tilted stacking
1194,19,24,Tilted stacking
1195,19,24,Tilted stacking
1196,19,24,Tilted stacking
1197,19,24,Tilted stacking
1198,19,24,Tilted stacking
1199,19,24,Tilted stacking
1200,19,24,Tilted stacking
1201,19,24,Tilted stacking
1202,19,24,Tilted stacking
1203,19,24,Tilted stacking
1204,19,24,Tilted stacking
1205,19,24,Tilted stacking
1206,19,24,Tilted stacking
1207,19,24,Tilted stacking
1208,19,24,Tilted stacking
1209,19,24,Tilted stacking
1210,19,24,Tilted stacking
1211,19,24,Tilted stacking
1212,19,24,Tilted stacking
1213,19,24,Tilted stacking
1214,19,24,Tilted stacking
1215,19,24,Tilted stacking
1216,19,24,Tilted stacking
1217,19,24,Tilted stacking
1218,19,24,Tilted stacking
1219,19,24,Tilted stacking
1220,19,24,Tilted stacking
1221,19,24,Tilted stacking
1222,19,24,Tilted stacking
1223,19,24,Tilted stacking
1224,19,24,Tilted stacking
1225,19,24,Tilted stacking
1226,19,24,Tilted stacking
1227,19,24,Tilted stacking
1228,19,24,Tilted stacking
1229,19,24,Tilted stacking
1230,19,24,Tilted stacking
1231,19,24,Tilted stacking
1232,19,24,Tilted stacking
1233,19,24,Tilted stacking
1234,19,24,Tilted stacking
1235,19,24,Tilted stacking
1236,19,24,Tilted stacking
1237,19,24,Tilted stacking
1238,19,24,Tilted stacking
1239,19,24,Tilted stacking
1240,19,24,Tilted stacking
1241,19,24,Tilted stacking
1242,19,24,Tilted stacking
1243,19,24,Tilted stacking
1244,19,24,Tilted stacking
1245,19,24,Tilted stacking
1246,19,24,Tilted stacking
1247,19,24,Tilted stacking
1248,19,24,Tilted stacking
1249,19,24,Tilted stacking
1250,19,24,Tilted stacking
1251,19,24,Tilted stacking
1252,19,24,Tilted stacking
1253,19,24,Tilted stacking
1254,19,24,Tilted stacking
1255,19,24,Tilted stacking
1256,19,24,Tilted stacking
1257,19,24,Tilted stacking
1258,19,24,Tilted stacking
1259,19,24,Tilted stacking
1260,19,24,Tilted stacking
1261,19,24,Tilted stacking
1262,19,24,Tilted stacking
1263,19,24,Tilted stacking
1264,19,24,Tilted stacking
1265,19,24,Tilted stacking
1266,19,24,Tilted stacking
1267,19,24,Tilted stacking
1268,19,24,Tilted stacking
1269,19,24,Tilted stacking
1270,19,24,Tilted stacking
1271,19,24,Tilted stacking
1272,19,24,Tilted stacking
1273,19,24,Tilted stacking
1274,19,24,Tilted stacking
1275,19,24,Tilted stacking
1276,19,24,Tilted stacking
1277,19,24,Tilted stacking
1278,19,24,Tilted stacking
1279,19,24,Tilted stacking
1280,19,24,Tilted stacking
1281,19,24,Tilted stacking
1282,19,24,Tilted stacking
1283,19,24,Tilted stacking
1284,19,24,Tilted stacking
1285,19,24,Tilted stacking
1286,19,24,Tilted stacking
1287,19,24,Tilted stacking
1288,19,24,Tilted stacking
1289,19,24,Tilted stacking
1290,19,24,Tilted stacking
1291,19,24,Tilted stacking
1292,19,24,Tilted stacking
1293,19,24,Tilted stacking
1294,19,24,Tilted stacking
1295,19,24,Tilted stacking
1296,19,24,Tilted stacking
1297,19,24,Tilted stacking
1298,19,24,Tilted stacking
1299,19,24,Tilted stacking
1300,19,24,Tilted stacking
1301,19,24,Tilted stacking
1302,19,24,Tilted stacking
1303,19,24,Tilted stacking
1304,19,24,Tilted stacking
1305,19,24,Tilted stacking
1306,19,24,Tilted stacking
1307,19,24,Tilted stacking
1308,19,24,Tilted stacking
1309,19,24,Tilted stacking
1310,19,24,Tilted stacking
1311,19,24,Tilted stacking
1312,19,24,Tilted stacking
1313,19,24,Tilted stacking
1314,19,24,Tilted stacking
1315,19,24,Tilted stacking
1316,19,24,Tilted stacking
1317,19,24,Tilted stacking
1318,19,24,Tilted stacking
1319,19,24,Tilted stacking
1320,19,24,Tilted stacking
1321,19,24,Tilted stacking
1324,19,24,Tilted stacking
1325,19,24,Tilted stacking
1326,19,24,Tilted stacking
1327,19,24,Tilted stacking
1328,19,24,Tilted stacking
1329,19,24,Tilted stacking
1330,19,24,Tilted stacking
1331,19,24,Tilted stacking
1332,19,24,Tilted stacking
1333,19,24,Tilted stacking
1334,19,24,Tilted stacking
1335,19,24,Tilted stacking
1336,19,24,Tilted stacking
1337,19,24,Tilted stacking
1338,19,24,Tilted stacking
1339,19,24,Parallel stacking
1340,19,24,Tilted stacking
1341,19,24,Tilted stacking
1342,19,24,Tilted stacking
1343,19,24,Tilted stacking
1344,19,24,Tilted stacking
1345,19,24,Tilted stacking
1346,19,24,Tilted stacking
1347,19,24,Tilted stacking
1348,19,24,Tilted stacking
1349,19,24,Tilted stacking
1350,19,24,Tilted stacking
1351,19,24,Tilted stacking
1352,19,24,Tilted stacking
1353,19,24,Tilted stacking
1354,19,24,Tilted stacking
1355,19,24,Tilted stacking
1356,19,24,Tilted stacking
1357,19,24,Tilted stacking
1358,19,24,Tilted stacking
1359,19,24,Tilted stacking
1360,19,24,Tilted stacking
1361,19,24,Tilted stacking
1362,19,24,Tilted stacking
1363,19,24,Tilted stacking
1364,19,24,Tilted stacking
1365,19,24,Tilted stacking
1366,19,24,Tilted stacking
1367,19,24,Tilted stacking
1368,19,24,Tilted stacking
1370,19,24,Tilted stacking
1371,19,24,Tilted stacking
1373,19,24,Tilted stacking
1374,19,24,Tilted stacking
1375,19,24,Tilted stacking
1376,19,24,Tilted stacking
1377,19,24,Tilted stacking
1378,19,24,Tilted stacking
1379,19,24,Tilted stacking
1380,19,24,Tilted stacking
1381,19,24,Tilted stacking
1382,19,24,Tilted stacking
1386,19,24,Tilted stacking
1387,19,24,Tilted stacking
1388,19,24,Tilted stacking
1389,19,24,Tilted stacking
1391,19,24,Tilted stacking
1392,19,24,Tilted stacking
1394,19,24,Tilted stacking
1395,19,24,Tilted stacking
1396,19,24,Tilted stacking
1397,19,24,Tilted stacking
1398,19,24,Tilted stacking
1401,19,24,Tilted stacking
1402,19,24,Tilted stacking
1405,19,24,Tilted stacking
1408,19,24,Tilted stacking
1409,19,24,Tilted stacking
1414,19,24,Tilted stacking
1415,19,24,Tilted stacking
1416,19,24,Tilted stacking
1417,19,24,Tilted stacking
1419,19,24,Tilted stacking
1420,19,24,Tilted stacking
1421,19,24,Tilted stacking
1422,19,24,Tilted stacking
1425,19,24,Tilted stacking
1426,19,24,Tilted stacking
1427,19,24,Tilted stacking
1428,19,24,Tilted stacking
1429,19,24,Tilted stacking
1430,19,24,Tilted stacking
1431,19,24,Tilted stacking
1432,19,24,Tilted stacking
1434,19,24,Tilted stacking
1436,19,24,Tilted stacking
1437,19,24,Tilted stacking
1438,19,24,Tilted stacking
1439,19,24,Tilted stacking
1440,19,24,Tilted stacking
1441,19,24,Tilted stacking
1442,19,24,Tilted stacking
1443,19,24,Tilted stacking
1444,19,24,Tilted stacking
1445,19,24,Tilted stacking
1446,19,24,Tilted stacking
1447,19,24,Tilted stacking
1448,19,24,Tilted stacking
1449,19,24,Tilted stacking
1450,19,24,Tilted stacking
1451,19,24,Tilted stacking
1452,19,24,Tilted stacking
1453,19,24,Tilted stacking
1454,19,24,Tilted stacking
1455,19,24,Tilted stacking
1456,19,24,Tilted stacking
1457,19,24,Tilted stacking
1458,19,24,Tilted stacking
1459,19,24,Tilted stacking
1461,19,24,Tilted stacking
1462,19,24,Tilted stacking
1465,19,24,Tilted stacking
1466,19,24,Tilted stacking
1468,19,24,Tilted stacking
1469,19,24,Tilted stacking
1470,19,24,Tilted stacking
1471,19,24,Tilted stacking
1472,19,24,Tilted stacking
1473,19,24,Tilted stacking
1474,19,24,Tilted stacking
1475,19,24,Tilted stacking
1476,19,24,Tilted stacking
1477,19,24,Tilted stacking
1478,19,24,Tilted stacking
1479,19,24,Tilted stacking
1480,19,24,Tilted stacking
1483,19,24,Tilted stacking
1485,19,24,Tilted stacking
1492,19,24,Tilted stacking
1501,19,24,Tilted stacking
1502,19,24,Tilted stacking
1509,19,24,Tilted stacking
1510,19,24,Tilted stacking
1516,19,24,Tilted stacking
1520,19,24,Tilted stacking
1522,19,24,Tilted stacking
1527,19,24,Tilted stacking
1528,19,24,Tilted stacking
1529,19,24,Tilted stacking
1530,19,24,Tilted stacking
1531,19,24,Tilted stacking
1532,19,24,Tilted stacking
1535,19,24,Tilted stacking
1536,19,24,Tilted stacking
1537,19,24,Tilted stacking
1538,19,24,Tilted stacking
1539,19,24,Tilted stacking
1540,19,24,Tilted stacking
1541,19,24,Tilted stacking
1542,19,24,Tilted stacking
1543,19,24,Tilted stacking
1545,19,24,Tilted stacking
1546,19,24,Tilted stacking
1547,19,24,Tilted stacking
1548,19,24,Tilted stacking
1549,19,24,Tilted stacking
1550,19,24,Tilted stacking
1551,19,24,Tilted stacking
1552,19,24,Tilted stacking
1553,19,24,Tilted stacking
1554,19,24,Tilted stacking
1555,19,24,Tilted stacking
1556,19,24,Tilted stacking
1557,19,24,Tilted stacking
1561,19,24,Tilted stacking
1562,19,24,Tilted stacking
1563,19,24,Tilted stacking
1564,19,24,Tilted stacking
1565,19,24,Tilted stacking
1567,19,24,Tilted stacking
1569,19,24,Tilted stacking
1570,19,24,Tilted stacking
1573,19,24,Tilted stacking
1575,19,24,Tilted stacking
1576,19,24,Tilted stacking
1577,19,24,Tilted stacking
1578,19,24,Tilted stacking
1579,19,24,Tilted stacking
1580,19,24,Tilted stacking
1581,19,24,Tilted stacking
1582,19,24,Tilted stacking
1585,19,24,Tilted stacking
1586,19,24,Tilted stacking
1587,19,24,Tilted stacking
1588,19,24,Tilted stacking
1589,19,24,Tilted stacking
1590,19,24,Tilted stacking
1592,19,24,Tilted stacking
1593,19,24,Tilted stacking
1594,19,24,Tilted stacking
1595,19,24,Tilted stacking
1597,19,24,Tilted stacking
1598,19,24,Tilted stacking
1599,19,24,Tilted stacking
1600,19,24,Tilted stacking
1601,19,24,Tilted stacking
1602,19,24,Tilted stacking
1603,19,24,Tilted stacking
1605,19,24,Tilted stacking
1606,19,24,Tilted stacking
1607,19,24,Tilted stacking
1608,19,24,Tilted stacking
1609,19,24,Tilted stacking
1610,19,24,Tilted stacking
1612,19,24,Tilted stacking
1613,19,24,Tilted stacking
1614,19,24,Tilted stacking
1615,19,24,Tilted stacking
1616,19,24,Tilted stacking
1617,19,24,Tilted stacking
1618,19,24,Tilted stacking
1621,19,24,Tilted stacking
1623,19,24,Tilted stacking
1624,19,24,Tilted stacking
1625,19,24,Tilted stacking
1626,19,24,Tilted stacking
1627,19,24,Tilted stacking
1628,19,24,Tilted stacking
1629,19,24,Tilted stacking
1630,19,24,Tilted stacking
1631,19,24,Tilted stacking
1632,19,24,Tilted stacking
1633,19,24,Tilted stacking
1634,19,24,Tilted stacking
1635,19,24,Tilted stacking
1636,19,24,Tilted stacking
1637,19,24,Tilted stacking
1638,19,24,Tilted stacking
1639,19,24,Tilted stacking
1640,19,24,Tilted stacking
1641,19,24,Tilted stacking
1643,19,24,Tilted stacking
1644,19,24,Tilted stacking
1645,19,24,Tilted stacking
1646,19,24,Tilted stacking
1647,19,24,Tilted stacking
1649,19,24,Tilted stacking
1650,19,24,Tilted stacking
1651,19,24,Tilted stacking
1652,19,24,Tilted stacking
1653,19,24,Tilted stacking
1654,19,24,Tilted stacking
1655,19,24,Tilted stacking
1656,19,24,Tilted stacking
1657,19,24,Tilted stacking
1658,19,24,Tilted stacking
1659,19,24,Tilted stacking
1660,19,24,Tilted stacking
1661,19,24,Tilted stacking
1662,19,24,Tilted stacking
1663,19,24,Tilted stacking
1664,19,24,Tilted stacking
1665,19,24,Tilted stacking
1666,19,24,Tilted stacking
1667,19,24,Tilted stacking
1668,19,24,Tilted stacking
1669,19,24,Tilted stacking
1670,19,24,Tilted stacking
1671,19,24,Tilted stacking
1672,19,24,Tilted stacking
1673,19,24,Tilted stacking
1674,19,24,Tilted stacking
1675,19,24,Tilted stacking
1676,19,24,Tilted stacking
1677,19,24,Tilted stacking
1679,19,24,Tilted stacking
1680,19,24,Tilted stacking
1681,19,24,Tilted stacking
1682,19,24,Tilted stacking
1683,19,24,Tilted stacking
1684,19,24,Tilted stacking
1687,19,24,Tilted stacking
1688,19,24,Tilted stacking
1689,19,24,Tilted stacking
1690,19,24,Tilted stacking
1691,19,24,Tilted stacking
1692,19,24,Tilted stacking
1693,19,24,Tilted stacking
1694,19,24,Tilted stacking
1695,19,24,Tilted stacking
1696,19,24,Tilted stacking
1697,19,24,Tilted stacking
1698,19,24,Tilted stacking
1699,19,24,Tilted stacking
1700,19,24,Tilted stacking
1701,19,24,Tilted stacking
1702,19,24,Tilted stacking
1703,19,24,Tilted stacking
1704,19,24,Tilted stacking
1705,19,24,Tilted stacking
1706,19,24,Tilted stacking
1707,19,24,Tilted stacking
1709,19,24,Tilted stacking
1710,19,24,Tilted stacking
1711,19,24,Tilted stacking
1712,19,24,Tilted stacking
1713,19,24,Tilted stacking
1720,19,24,Tilted stacking
1721,19,24,Tilted stacking
1727,19,24,Tilted stacking
1728,19,24,Tilted stacking
1729,19,24,Tilted stacking
1731,19,24,Tilted stacking
1735,19,24,Tilted stacking
1737,19,24,Tilted stacking
1741,19,24,Tilted stacking
1742,19,24,Tilted stacking
1743,19,24,Tilted stacking
1744,19,24,Tilted stacking
1745,19,24,Tilted stacking
1746,19,24,Tilted stacking
1747,19,24,Tilted stacking
1748,19,24,Tilted stacking
1749,19,24,Tilted stacking
1751,19,24,Tilted stacking
1752,19,24,Tilted stacking
1754,19,24,Tilted stacking
1755,19,24,Tilted stacking
1757,19,24,Tilted stacking
1759,19,24,Tilted stacking
1762,19,24,Tilted stacking
1764,19,24,Tilted stacking
1765,19,24,Tilted stacking
1766,19,24,Tilted stacking
1767,19,24,Tilted stacking
1768,19,24,Tilted stacking
1771,19,24,Tilted stacking
1772,19,24,Tilted stacking
1773,19,24,Tilted stacking
1776,19,24,Tilted stacking
1777,19,24,Tilted stacking
1778,19,24,Tilted stacking
1779,19,24,Tilted stacking
1780,19,24,Tilted stacking
1781,19,24,Tilted stacking
1782,19,24,Tilted stacking
1783,19,24,Tilted stacking
1784,19,24,Tilted stacking
1785,19,24,Tilted stacking
1786,19,24,Tilted stacking
1787,19,24,Tilted stacking
1788,19,24,Tilted stacking
1789,19,24,Tilted stacking
1790,19,24,Tilted stacking
1792,19,24,Tilted stacking
1802,19,24,Tilted stacking
1803,19,24,Tilted stacking
1806,19,24,Tilted stacking
1807,19,24,Tilted stacking
1809,19,24,Tilted stacking
1811,19,24,Tilted stacking
1813,19,24,Tilted stacking
1814,19,24,Tilted stacking
1825,19,24,Tilted stacking
1831,19,24,Tilted stacking
1833,19,24,Tilted stacking
1834,19,24,Tilted stacking
1835,19,24,Tilted stacking
1836,19,24,Tilted stacking
1839,19,24,Tilted stacking
1840,19,24,Tilted stacking
1841,19,24,Tilted stacking
1842,19,24,Tilted stacking
1843,19,24,Tilted stacking
1844,19,24,Tilted stacking
1845,19,24,Tilted stacking
1846,19,24,Tilted stacking
1847,19,24,Tilted stacking
1848,19,24,Tilted stacking
1849,19,24,Tilted stacking
1850,19,24,Tilted stacking
1852,19,24,Tilted stacking
1853,19,24,Tilted stacking
1854,19,24,Tilted stacking
1855,19,24,Tilted stacking
1856,19,24,Tilted stacking
1857,19,24,Tilted stacking
1858,19,24,Tilted stacking
1859,19,24,Tilted stacking
1860,19,24,Tilted stacking
1861,19,24,Tilted stacking
1862,19,24,Tilted stacking
1863,19,24,Tilted stacking
1865,19,24,Tilted stacking
1866,19,24,Tilted stacking
1869,19,24,Tilted stacking
1871,19,24,Tilted stacking
1872,19,24,Tilted stacking
1873,19,24,Tilted stacking
1874,19,24,Tilted stacking
1875,19,24,Tilted stacking
1876,19,24,Tilted stacking
1877,19,24,Tilted stacking
1878,19,24,Tilted stacking
1879,19,24,Tilted stacking
1880,19,24,Tilted stacking
1881,19,24,Tilted stacking
1882,19,24,Tilted stacking
1883,19,24,Tilted stacking
1885,19,24,Tilted stacking
1887,19,24,Tilted stacking
1888,19,24,Tilted stacking
1889,19,24,Tilted stacking
1890,19,24,Tilted stacking
1891,19,24,Tilted stacking
1892,19,24,Tilted stacking
1893,19,24,Tilted stacking
1894,19,24,Tilted stacking
1895,19,24,Tilted stacking
1896,19,24,Tilted stacking
1897,19,24,Tilted stacking
1898,19,24,Tilted stacking
1899,19,24,Tilted stacking
1900,19,24,Tilted stacking
1902,19,24,Tilted stacking
1903,19,24,Tilted stacking
1904,19,24,Tilted stacking
1905,19,24,Tilted stacking
1906,19,24,Tilted stacking
1907,19,24,Tilted stacking
1908,19,24,Tilted stacking
1909,19,24,Tilted stacking
1910,19,24,Tilted stacking
1912,19,24,Tilted stacking
1913,19,24,Tilted stacking
1914,19,24,Tilted stacking
1915,19,24,Tilted stacking
1916,19,24,Tilted stacking
1917,19,24,Tilted stacking
1918,19,24,Tilted stacking
1919,19,24,Tilted stacking
1920,19,24,Tilted stacking
1921,19,24,Tilted stacking
1922,19,24,Tilted stacking
1923,19,24,Tilted stacking
1924,19,24,Tilted stacking
1925,19,24,Tilted stacking
1926,19,24,Tilted stacking
1927,19,24,Tilted stacking
1928,19,24,Tilted stacking
1929,19,24,Tilted stacking
1930,19,24,Tilted stacking
1931,19,24,Tilted stacking
1932,19,24,Tilted stacking
1933,19,24,Tilted stacking
1934,19,24,Tilted stacking
1935,19,24,Tilted stacking
1936,19,24,Tilted stacking
1937,19,24,Tilted stacking
1938,19,24,Tilted stacking
1939,19,24,Tilted stacking
1940,19,24,Tilted stacking
1941,19,24,Tilted stacking
1942,19,24,Tilted stacking
1943,19,24,Tilted stacking
1944,19,24,Tilted stacking
1945,19,24,Tilted stacking
1946,19,24,Tilted stacking
1947,19,24,Tilted stacking
1948,19,24,Tilted stacking
1949,19,24,Tilted stacking
1950,19,24,Tilted stacking
1951,19,24,Tilted stacking
1952,19,24,Tilted stacking
1953,19,24,Tilted stacking
1954,19,24,Tilted stacking
1955,19,24,Tilted stacking
1956,19,24,Tilted stacking
1957,19,24,Tilted stacking
1958,19,24,Tilted stacking
1959,19,24,Tilted stacking
1960,19,24,Tilted stacking
1961,19,24,Tilted stacking
1962,19,24,Tilted stacking
1963,19,24,Tilted stacking
1964,19,24,Tilted stacking
1965,19,24,Tilted stacking
1966,19,24,Tilted stacking
1967,19,24,Tilted stacking
1968,19,24,Tilted stacking
1969,19,24,Tilted stacking
1970,19,24,Tilted stacking
1971,19,24,Tilted stacking
1972,19,24,Tilted stacking
1973,19,24,Tilted stacking
1974,19,24,Tilted stacking
1975,19,24,Tilted stacking
1976,19,24,Tilted stacking
1977,19,24,Tilted stacking
1978,19,24,Tilted stacking
1979,19,24,Tilted stacking
1980,19,24,Tilted stacking
1981,19,24,Tilted stacking
1982,19,24,Tilted stacking
1984,19,24,Tilted stacking
1985,19,24,Tilted stacking
1986,19,24,Tilted stacking
1987,19,24,Tilted stacking
1988,19,24,Tilted stacking
1989,19,24,Tilted stacking
1990,19,24,Tilted stacking
1991,19,24,Tilted stacking
1992,19,24,Tilted stacking
1993,19,24,Tilted stacking
1994,19,24,Tilted stacking
1995,19,24,Tilted stacking
1996,19,24,Tilted stacking
1997,19,24,Tilted stacking
1998,19,24,Tilted stacking
1999,19,24,Tilted stacking
2000,19,24,Tilted stacking
2001,19,24,Tilted stacking
2002,19,24,Tilted stacking
2003,19,24,Tilted stacking
2005,19,24,Tilted stacking
2006,19,24,Tilted stacking
2007,19,24,Tilted stacking
2008,19,24,Tilted stacking
2009,19,24,Tilted stacking
2010,19,24,Tilted stacking
2011,19,24,Tilted stacking
2012,19,24,Tilted stacking
2013,19,24,Tilted stacking
2014,19,24,Tilted stacking
2015,19,24,Tilted stacking
2016,19,24,Tilted stacking
2017,19,24,Tilted stacking
2018,19,24,Tilted stacking
2019,19,24,Tilted stacking
2025,19,24,Tilted stacking
2028,19,24,Tilted stacking
2031,19,24,Tilted stacking
2034,19,24,Tilted stacking
2035,19,24,Tilted stacking
2037,19,24,Tilted stacking
2038,19,24,Tilted stacking
2039,19,24,Tilted stacking
2040,19,24,Tilted stacking
2041,19,24,Tilted stacking
2042,19,24,Tilted stacking
2043,19,24,Tilted stacking
2044,19,24,Tilted stacking
2045,19,24,Tilted stacking
2046,19,24,Tilted stacking
2047,19,24,Tilted stacking
2048,19,24,Tilted stacking
2049,19,24,Tilted stacking
2050,19,24,Tilted stacking
2051,19,24,Tilted stacking
2052,19,24,Tilted stacking
2053,19,24,Tilted stacking
2054,19,24,Tilted stacking
2055,19,24,Tilted stacking
2056,19,24,Tilted stacking
2057,19,24,Tilted stacking
2058,19,24,Tilted stacking
2059,19,24,Tilted stacking
2060,19,24,Tilted stacking
2061,19,24,Tilted stacking
2062,19,24,Tilted stacking
2063,19,24,Tilted stacking
2064,19,24,Tilted stacking
2065,19,24,Tilted stacking
2066,19,24,Tilted stacking
2068,19,24,Tilted stacking
2069,19,24,Tilted stacking
2070,19,24,Tilted stacking
2072,19,24,Tilted stacking
2073,19,24,Tilted stacking
2074,19,24,Tilted stacking
2075,19,24,Tilted stacking
2076,19,24,Tilted stacking
2077,19,24,Tilted stacking
2078,19,24,Tilted stacking
2079,19,24,Tilted stacking
2080,19,24,Tilted stacking
2081,19,24,Tilted stacking
2082,19,24,Tilted stacking
2085,19,24,Tilted stacking
2086,19,24,Tilted stacking
2087,19,24,Tilted stacking
2088,19,24,Tilted stacking
2089,19,24,Tilted stacking
2090,19,24,Tilted stacking
2091,19,24,Tilted stacking
2093,19,24,Tilted stacking
2096,19,24,Tilted stacking
2097,19,24,Tilted stacking
2100,19,24,Tilted stacking
2101,19,24,Tilted stacking
2102,19,24,Tilted stacking
2104,19,24,Tilted stacking
2105,19,24,Tilted stacking
2106,19,24,Tilted stacking
2109,19,24,Tilted stacking
2116,19,24,Tilted stacking
2117,19,24,Tilted stacking
2121,19,24,Tilted stacking
2122,19,24,Tilted stacking
2124,19,24,Tilted stacking
2125,19,24,Tilted stacking
2127,19,24,Tilted stacking
2128,19,24,Tilted stacking
2129,19,24,Tilted stacking
2132,19,24,Tilted stacking
2133,19,24,Tilted stacking
2134,19,24,Tilted stacking
2135,19,24,Tilted stacking
2136,19,24,Tilted stacking
2137,19,24,Tilted stacking
2138,19,24,Tilted stacking
2139,19,24,Tilted stacking
2140,19,24,Tilted stacking
2141,19,24,Tilted stacking
2142,19,24,Tilted stacking
2143,19,24,Tilted stacking
2144,19,24,Tilted stacking
2145,19,24,Tilted stacking
2146,19,24,Tilted stacking
2147,19,24,Tilted stacking
2148,19,24,Tilted stacking
2149,19,24,Tilted stacking
2150,19,24,Tilted stacking
2151,19,24,Tilted stacking
2152,19,24,Tilted stacking
2153,19,24,Tilted stacking
2154,19,24,Tilted stacking
2155,19,24,Tilted stacking
2156,19,24,Tilted stacking
2157,19,24,Tilted stacking
2158,19,24,Tilted stacking
2159,19,24,Tilted stacking
2160,19,24,Tilted stacking
2161,19,24,Tilted stacking
2162,19,24,Tilted stacking
2163,19,24,Tilted stacking
2164,19,24,Tilted stacking
2165,19,24,Tilted stacking
2166,19,24,Tilted stacking
2167,19,24,Tilted stacking
2168,19,24,Tilted stacking
2169,19,24,Tilted stacking
2170,19,24,Tilted stacking
2171,19,24,Tilted stacking
2172,19,24,Tilted stacking
2173,19,24,Tilted stacking
2174,19,24,Tilted stacking
2175,19,24,Tilted stacking
2176,19,24,Tilted stacking
2177,19,24,Tilted stacking
2178,19,24,Tilted stacking
2179,19,24,Tilted stacking
2180,19,24,Tilted stacking
2181,19,24,Tilted stacking
2182,19,24,Tilted stacking
2184,19,24,Tilted stacking
2185,19,24,Tilted stacking
2186,19,24,Tilted stacking
2187,19,24,Tilted stacking
2188,19,24,Tilted stacking
2189,19,24,Tilted stacking
2190,19,24,Tilted stacking
2191,19,24,Tilted stacking
2192,19,24,Tilted stacking
2193,19,24,Tilted stacking
2194,19,24,Tilted stacking
2195,19,24,Tilted stacking
2196,19,24,Tilted stacking
2197,19,24,Tilted stacking
2198,19,24,Tilted stacking
2199,19,24,Tilted stacking
2200,19,24,Tilted stacking
2201,19,24,Tilted stacking
2203,19,24,Tilted stacking
2204,19,24,Tilted stacking
2205,19,24,Tilted stacking
2206,19,24,Tilted stacking
2207,19,24,Tilted stacking
2208,19,24,Tilted stacking
2209,19,24,Tilted stacking
2210,19,24,Tilted stacking
2211,19,24,Tilted stacking
2212,19,24,Tilted stacking
2213,19,24,Tilted stacking
2214,19,24,Tilted stacking
2215,19,24,Tilted stacking
2216,19,24,Tilted stacking
2217,19,24,Tilted stacking
2220,19,24,Tilted stacking
2221,19,24,Tilted stacking
2222,19,24,Tilted stacking
2223,19,24,Tilted stacking
2225,19,24,Tilted stacking
2227,19,24,Tilted stacking
2228,19,24,Tilted stacking
2229,19,24,Tilted stacking
2230,19,24,Tilted stacking
2231,19,24,Tilted stacking
2234,19,24,Tilted stacking
2235,19,24,Tilted stacking
2236,19,24,Tilted stacking
2237,19,24,Tilted stacking
2239,19,24,Tilted stacking
2240,19,24,Tilted stacking
2241,19,24,Tilted stacking
2242,19,24,Tilted stacking
2243,19,24,Tilted stacking
2244,19,24,Tilted stacking
2245,19,24,Tilted stacking
2246,19,24,Tilted stacking
2247,19,24,Tilted stacking
2248,19,24,Tilted stacking
2249,19,24,Tilted stacking
2250,19,24,Tilted stacking
2251,19,24,Tilted stacking
2252,19,24,Tilted stacking
2253,19,24,Tilted stacking
2254,19,24,Tilted stacking
2255,19,24,Tilted stacking
2256,19,24,Tilted stacking
2257,19,24,Tilted stacking
2258,19,24,Tilted stacking
2259,19,24,Tilted stacking
2260,19,24,Tilted stacking
2261,19,24,Tilted stacking
2262,19,24,Tilted stacking
2263,19,24,Tilted stacking
2264,19,24,Tilted stacking
2265,19,24,Tilted stacking
2266,19,24,Tilted stacking
2267,19,24,Tilted stacking
2268,19,24,Tilted stacking
2269,19,24,Tilted stacking
2270,19,24,Tilted stacking
2271,19,24,Tilted stacking
2272,19,24,Tilted stacking
2273,19,24,Tilted stacking
2274,19,24,Tilted stacking
2275,19,24,Tilted stacking
2276,19,24,Tilted stacking
2277,19,24,Tilted stacking
2278,19,24,Tilted stacking
2279,19,24,Tilted stacking
2280,19,24,Tilted stacking
2281,19,24,Tilted stacking
2282,19,24,Tilted stacking
2283,19,24,Tilted stacking
2284,19,24,Tilted stacking
2285,19,24,Tilted stacking
2286,19,24,Tilted stacking
2287,19,24,Tilted stacking
2288,19,24,Tilted stacking
2289,19,24,Tilted stacking
2290,19,24,Tilted stacking
2291,19,24,Tilted stacking
2292,19,24,Tilted stacking
2293,19,24,Tilted stacking
2294,19,24,Tilted stacking
2295,19,24,Tilted stacking
2296,19,24,Tilted stacking
2297,19,24,Tilted stacking
2298,19,24,Tilted stacking
2299,19,24,Tilted stacking
2300,19,24,Tilted stacking
2301,19,24,Tilted stacking
2302,19,24,Tilted stacking
2303,19,24,Tilted stacking
2304,19,24,Tilted stacking
2305,19,24,Tilted stacking
2306,19,24,Tilted stacking
2307,19,24,Tilted stacking
2308,19,24,Tilted stacking
2309,19,24,Tilted stacking
2310,19,24,Tilted stacking
2311,19,24,Tilted stacking
2312,19,24,Tilted stacking
2313,19,24,Tilted stacking
2314,19,24,Tilted stacking
2315,19,24,Tilted stacking
2316,19,24,Tilted stacking
2317,19,24,Tilted stacking
2318,19,24,Tilted stacking
2319,19,24,Tilted stacking
2320,19,24,Tilted stacking
2321,19,24,Tilted stacking
2322,19,24,Tilted stacking
2323,19,24,Tilted stacking
2324,19,24,Tilted stacking
2326,19,24,Tilted stacking
2327,19,24,Tilted stacking
2328,19,24,Tilted stacking
2329,19,24,Tilted stacking
2331,19,24,Tilted stacking
2332,19,24,Tilted stacking
2333,19,24,Tilted stacking
2334,19,24,Tilted stacking
2335,19,24,Tilted stacking
2336,19,24,Tilted stacking
2337,19,24,Tilted stacking
2338,19,24,Tilted stacking
2340,19,24,Tilted stacking
2341,19,24,Tilted stacking
2342,19,24,Tilted stacking
2343,19,24,Tilted stacking
2344,19,24,Tilted stacking
2345,19,24,Tilted stacking
2346,19,24,Tilted stacking
2347,19,24,Tilted stacking
2348,19,24,Tilted stacking
2349,19,24,Tilted stacking
2350,19,24,Tilted stacking
2351,19,24,Tilted stacking
2352,19,24,Tilted stacking
2353,19,24,Tilted stacking
2354,19,24,Tilted stacking
2355,19,24,Tilted stacking
2356,19,24,Tilted stacking
2357,19,24,Tilted stacking
2358,19,24,Tilted stacking
2359,19,24,Tilted stacking
2360,19,24,Tilted stacking
2361,19,24,Tilted stacking
2362,19,24,Tilted stacking
2363,19,24,Tilted stacking
2364,19,24,Tilted stacking
2365,19,24,Tilted stacking
2366,19,24,Tilted stacking
2367,19,24,Tilted stacking
2368,19,24,Tilted stacking
2369,19,24,Tilted stacking
2370,19,24,Tilted stacking
2371,19,24,Tilted stacking
2372,19,24,Tilted stacking
2373,19,24,Tilted stacking
2374,19,24,Tilted stacking
2375,19,24,Tilted stacking
2376,19,24,Tilted stacking
2377,19,24,Tilted stacking
2378,19,24,Tilted stacking
2379,19,24,Tilted stacking
2380,19,24,Tilted stacking
2381,19,24,Tilted stacking
2382,19,24,Tilted stacking
2383,19,24,Tilted stacking
2384,19,24,Tilted stacking
2385,19,24,Tilted stacking
2386,19,24,Tilted stacking
2387,19,24,Tilted stacking
2388,19,24,Tilted stacking
2389,19,24,Tilted stacking
2390,19,24,Tilted stacking
2391,19,24,Tilted stacking
2392,19,24,Tilted stacking
2393,19,24,Tilted stacking
2394,19,24,Tilted stacking
2395,19,24,Tilted stacking
2396,19,24,Tilted stacking
2397,19,24,Tilted stacking
2398,19,24,Tilted stacking
2399,19,24,Tilted stacking
2401,19,24,Tilted stacking
2402,19,24,Tilted stacking
2405,19,24,Tilted stacking
2406,19,24,Tilted stacking
2407,19,24,Tilted stacking
2408,19,24,Tilted stacking
2409,19,24,Tilted stacking
2410,19,24,Tilted stacking
2411,19,24,Tilted stacking
2412,19,24,Tilted stacking
2413,19,24,Tilted stacking
2414,19,24,Tilted stacking
2415,19,24,Tilted stacking
2416,19,24,Tilted stacking
2417,19,24,Tilted stacking
2418,19,24,Tilted stacking
2419,19,24,Tilted stacking
2420,19,24,Tilted stacking
2421,19,24,Tilted stacking
2422,19,24,Tilted stacking
2423,19,24,Tilted stacking
2424,19,24,Tilted stacking
2425,19,24,Tilted stacking
2426,19,24,Tilted stacking
2427,19,24,Tilted stacking
2428,19,24,Tilted stacking
2429,19,24,Tilted stacking
2430,19,24,Tilted stacking
2431,19,24,Tilted stacking
2432,19,24,Tilted stacking
2433,19,24,Tilted stacking
2434,19,24,Tilted stacking
2435,19,24,Tilted stacking
2437,19,24,Tilted stacking
2438,19,24,Tilted stacking
2439,19,24,Tilted stacking
2441,19,24,Tilted stacking
2442,19,24,Tilted stacking
2443,19,24,Tilted stacking
2444,19,24,Tilted stacking
2445,19,24,Tilted stacking
2446,19,24,Tilted stacking
2447,19,24,Tilted stacking
2448,19,24,Tilted stacking
2449,19,24,Tilted stacking
2450,19,24,Tilted stacking
2451,19,24,Tilted stacking
2452,19,24,Tilted stacking
2453,19,24,Tilted stacking
2454,19,24,Tilted stacking
2455,19,24,Tilted stacking
2456,19,24,Tilted stacking
2457,19,24,Tilted stacking
2458,19,24,Tilted stacking
2459,19,24,Tilted stacking
2460,19,24,Tilted stacking
2461,19,24,Tilted stacking
2462,19,24,Tilted stacking
2463,19,24,Tilted stacking
2464,19,24,Tilted stacking
2466,19,24,Tilted stacking
2467,19,24,Tilted stacking
2468,19,24,Tilted stacking
2469,19,24,Tilted stacking
2470,19,24,Tilted stacking
2471,19,24,Tilted stacking
2472,19,24,Tilted stacking
2473,19,24,Tilted stacking
2474,19,24,Tilted stacking
2475,19,24,Tilted stacking
2480,19,24,Tilted stacking
2481,19,24,Tilted stacking
2482,19,24,Tilted stacking
2483,19,24,Tilted stacking
2484,19,24,Tilted stacking
2485,19,24,Tilted stacking
2486,19,24,Tilted stacking
2487,19,24,Tilted stacking
2488,19,24,Tilted stacking
2489,19,24,Tilted stacking
2490,19,24,Tilted stacking
2491,19,24,Tilted stacking
2492,19,24,Tilted stacking
2493,19,24,Tilted stacking
2494,19,24,Tilted stacking
2495,19,24,Tilted stacking
2496,19,24,Tilted stacking
2497,19,24,Tilted stacking
2498,19,24,Tilted stacking
2499,19,24,Tilted stacking
2500,19,24,Tilted stacking
2501,19,24,Tilted stacking
2502,19,24,Tilted stacking
2503,19,24,Tilted stacking
2504,19,24,Tilted stacking
2505,19,24,Tilted stacking
2506,19,24,Tilted stacking
2507,19,24,Tilted stacking
2508,19,24,Tilted stacking
2509,19,24,Tilted stacking
2510,19,24,Tilted stacking
2511,19,24,Tilted stacking
2512,19,24,Tilted stacking
2513,19,24,Tilted stacking
2515,19,24,Tilted stacking
2516,19,24,Tilted stacking
2517,19,24,Tilted stacking
2518,19,24,Tilted stacking
2519,19,24,Tilted stacking
2520,19,24,Tilted stacking
2521,19,24,Tilted stacking
2522,19,24,Tilted stacking
2523,19,24,Tilted stacking
2524,19,24,Tilted stacking
2525,19,24,Tilted stacking
2526,19,24,Tilted stacking
2527,19,24,Tilted stacking
2528,19,24,Tilted stacking
2529,19,24,Tilted stacking
2530,19,24,Tilted stacking
2531,19,24,Tilted stacking
2532,19,24,Tilted stacking
2533,19,24,Tilted stacking
2535,19,24,Tilted stacking
2536,19,24,Tilted stacking
2537,19,24,Tilted stacking
2538,19,24,Tilted stacking
2539,19,24,Tilted stacking
2540,19,24,Tilted stacking
2541,19,24,Tilted stacking
2542,19,24,Tilted stacking
2543,19,24,Tilted stacking
2545,19,24,Tilted stacking
2546,19,24,Tilted stacking
2547,19,24,Tilted stacking
2548,19,24,Tilted stacking
2549,19,24,Tilted stacking
2550,19,24,Tilted stacking
2551,19,24,Tilted stacking
2552,19,24,Tilted stacking
2553,19,24,Tilted stacking
2554,19,24,Tilted stacking
2555,19,24,Tilted stacking
2556,19,24,Tilted stacking
2557,19,24,Tilted stacking
2558,19,24,Tilted stacking
2559,19,24,Tilted stacking
2560,19,24,Tilted stacking
2561,19,24,Tilted stacking
2562,19,24,Tilted stacking
2563,19,24,Tilted stacking
2564,19,24,Tilted stacking
2565,19,24,Tilted stacking
2566,19,24,Tilted stacking
2567,19,24,Tilted stacking
2568,19,24,Tilted stacking
2569,19,24,Tilted stacking
2570,19,24,Tilted stacking
2571,19,24,Tilted stacking
2572,19,24,Tilted stacking
2573,19,24,Tilted stacking
2574,19,24,Tilted stacking
2575,19,24,Tilted stacking
2576,19,24,Tilted stacking
2577,19,24,Tilted stacking
2578,19,24,Tilted stacking
2579,19,24,Tilted stacking
2580,19,24,Tilted stacking
2581,19,24,Tilted stacking
2582,19,24,Tilted stacking
2583,19,24,Tilted stacking
2584,19,24,Tilted stacking
2585,19,24,Tilted stacking
2586,19,24,Tilted stacking
2587,19,24,Tilted stacking
2588,19,24,Tilted stacking
2589,19,24,Tilted stacking
2590,19,24,Tilted stacking
2591,19,24,Tilted stacking
2592,19,24,Tilted stacking
2593,19,24,Tilted stacking
2594,19,24,Tilted stacking
2595,19,24,Tilted stacking
2596,19,24,Tilted stacking
2597,19,24,Tilted stacking
2598,19,24,Tilted stacking
2599,19,24,Tilted stacking
2600,19,24,Tilted stacking
2601,19,24,Tilted stacking
2602,19,24,Tilted stacking
2603,19,24,Tilted stacking
2604,19,24,Tilted stacking
2605,19,24,Tilted stacking
2606,19,24,Tilted stacking
2607,19,24,Tilted stacking
2608,19,24,Tilted stacking
2609,19,24,Tilted stacking
2610,19,24,Tilted stacking
2611,19,24,Tilted stacking
2612,19,24,Tilted stacking
2613,19,24,Tilted stacking
2614,19,24,Tilted stacking
2615,19,24,Tilted stacking
2616,19,24,Tilted stacking
2617,19,24,Tilted stacking
2618,19,24,Tilted stacking
2619,19,24,Tilted stacking
2620,19,24,Tilted stacking
2621,19,24,Tilted stacking
2622,19,24,Tilted stacking
2623,19,24,Tilted stacking
2624,19,24,Tilted stacking
2625,19,24,Tilted stacking
2626,19,24,Tilted stacking
2627,19,24,Tilted stacking
2628,19,24,Tilted stacking
2629,19,24,Tilted stacking
2630,19,24,Tilted stacking
2631,19,24,Tilted stacking
2632,19,24,Tilted stacking
2633,19,24,Tilted stacking
2634,19,24,Tilted stacking
2635,19,24,Tilted stacking
2636,19,24,Tilted stacking
2637,19,24,Tilted stacking
2638,19,24,Tilted stacking
2639,19,24,Tilted stacking
2640,19,24,Tilted stacking
2641,19,24,Tilted stacking
2642,19,24,Tilted stacking
2643,19,24,Tilted stacking
2644,19,24,Tilted stacking
2645,19,24,Tilted stacking
2646,19,24,Tilted stacking
2647,19,24,Tilted stacking
2649,19,24,Tilted stacking
2650,19,24,Tilted stacking
2651,19,24,Tilted stacking
2652,19,24,Tilted stacking
2653,19,24,Tilted stacking
2654,19,24,Tilted stacking
2655,19,24,Tilted stacking
2656,19,24,Tilted stacking
2657,19,24,Tilted stacking
2658,19,24,Tilted stacking
2659,19,24,Tilted stacking
2660,19,24,Tilted stacking
2661,19,24,Tilted stacking
2662,19,24,Tilted stacking
2663,19,24,Tilted stacking
2664,19,24,Tilted stacking
2665,19,24,Tilted stacking
2666,19,24,Tilted stacking
2668,19,24,Tilted stacking
2670,19,24,Tilted stacking
2671,19,24,Tilted stacking
2672,19,24,Tilted stacking
2673,19,24,Tilted stacking
2674,19,24,Tilted stacking
2675,19,24,Tilted stacking
2676,19,24,Tilted stacking
2677,19,24,Tilted stacking
2678,19,24,Tilted stacking
2679,19,24,Tilted stacking
2680,19,24,Tilted stacking
2682,19,24,Tilted stacking
2683,19,24,Tilted stacking
2684,19,24,Tilted stacking
2685,19,24,Tilted stacking
2686,19,24,Tilted stacking
2687,19,24,Tilted stacking
2688,19,24,Tilted stacking
2689,19,24,Tilted stacking
2690,19,24,Tilted stacking
2691,19,24,Tilted stacking
2692,19,24,Tilted stacking
2693,19,24,Tilted stacking
2694,19,24,Tilted stacking
2695,19,24,Tilted stacking
2696,19,24,Tilted stacking
2700,19,24,Tilted stacking
2702,19,24,Tilted stacking
2705,19,24,Tilted stacking
2707,19,24,Tilted stacking
2710,19,24,Tilted stacking
2717,19,24,Tilted stacking
2719,19,24,Tilted stacking
2721,19,24,Tilted stacking
2722,19,24,Tilted stacking
2723,19,24,Tilted stacking
2725,19,24,Tilted stacking
2726,19,24,Tilted stacking
2727,19,24,Tilted stacking
2728,19,24,Tilted stacking
2729,19,24,Tilted stacking
2730,19,24,Tilted stacking
2731,19,24,Tilted stacking
2732,19,24,Tilted stacking
2734,19,24,Tilted stacking
2735,19,24,Tilted stacking
2736,19,24,Tilted stacking
2739,19,24,Tilted stacking
2743,19,24,Tilted stacking
2744,19,24,Tilted stacking
2745,19,24,Tilted stacking
2746,19,24,Tilted stacking
2747,19,24,Tilted stacking
2748,19,24,Tilted stacking
2749,19,24,Tilted stacking
2750,19,24,Tilted stacking
2751,19,24,Tilted stacking
2752,19,24,Tilted stacking
2753,19,24,Tilted stacking
2754,19,24,Tilted stacking
2755,19,24,Tilted stacking
2756,19,24,Tilted stacking
2757,19,24,Tilted stacking
2760,19,24,Tilted stacking
2762,19,24,Tilted stacking
2763,19,24,Tilted stacking
2764,19,24,Tilted stacking
2765,19,24,Tilted stacking
2766,19,24,Tilted stacking
2767,19,24,Tilted stacking
2768,19,24,Tilted stacking
2769,19,24,Tilted stacking
2770,19,24,Tilted stacking
2771,19,24,Tilted stacking
2772,19,24,Tilted stacking
2773,19,24,Tilted stacking
2774,19,24,Tilted stacking
2775,19,24,Tilted stacking
2776,19,24,Tilted stacking
2777,19,24,Tilted stacking
2778,19,24,Tilted stacking
2779,19,24,Tilted stacking
2780,19,24,Tilted stacking
2781,19,24,Tilted stacking
2782,19,24,Tilted stacking
2783,19,24,Tilted stacking
2784,19,24,Tilted stacking
2786,19,24,Tilted stacking
2787,19,24,Tilted stacking
2788,19,24,Tilted stacking
2790,19,24,Tilted stacking
2791,19,24,Tilted stacking
2792,19,24,Tilted stacking
2793,19,24,Tilted stacking
2794,19,24,Tilted stacking
2795,19,24,Tilted stacking
2797,19,24,Tilted stacking
2798,19,24,Tilted stacking
2799,19,24,Tilted stacking
2800,19,24,Tilted stacking
2801,19,24,Tilted stacking
2802,19,24,Tilted stacking
2804,19,24,Tilted stacking
2805,19,24,Tilted stacking
2806,19,24,Tilted stacking
2807,19,24,Tilted stacking
2808,19,24,Tilted stacking
2810,19,24,Tilted stacking
2811,19,24,Tilted stacking
2812,19,24,Tilted stacking
2813,19,24,Tilted stacking
2814,19,24,Tilted stacking
2815,19,24,Tilted stacking
2816,19,24,Tilted stacking
2817,19,24,Tilted stacking
2818,19,24,Tilted stacking
2819,19,24,Tilted stacking
2820,19,24,Tilted stacking
2821,19,24,Tilted stacking
2822,19,24,Tilted stacking
2825,19,24,Tilted stacking
2826,19,24,Tilted stacking
2827,19,24,Tilted stacking
2828,19,24,Tilted stacking
2829,19,24,Tilted stacking
2830,19,24,Tilted stacking
2831,19,24,Tilted stacking
2832,19,24,Tilted stacking
2833,19,24,Tilted stacking
2834,19,24,Tilted stacking
2835,19,24,Tilted stacking
2836,19,24,Tilted stacking
2837,19,24,Tilted stacking
2838,19,24,Tilted stacking
2839,19,24,Tilted stacking
2840,19,24,Tilted stacking
2841,19,24,Tilted stacking
2842,19,24,Tilted stacking
2843,19,24,Tilted stacking
2844,19,24,Tilted stacking
2845,19,24,Tilted stacking
2846,19,24,Tilted stacking
2847,19,24,Tilted stacking
2848,19,24,Tilted stacking
2849,19,24,Tilted stacking
2850,19,24,Tilted stacking
2851,19,24,Tilted stacking
2852,19,24,Tilted stacking
2853,19,24,Tilted stacking
2854,19,24,Tilted stacking
2855,19,24,Tilted stacking
2856,19,24,Tilted stacking
2857,19,24,Tilted stacking
2858,19,24,Tilted stacking
2859,19,24,Tilted stacking
2860,19,24,Tilted stacking
2861,19,24,Tilted stacking
2862,19,24,Tilted stacking
2863,19,24,Tilted stacking
2864,19,24,Tilted stacking
2866,19,24,Tilted stacking
2867,19,24,Tilted stacking
2868,19,24,Tilted stacking
2869,19,24,Tilted stacking
2870,19,24,Tilted stacking
2871,19,24,Tilted stacking
2872,19,24,Tilted stacking
2876,19,24,Tilted stacking
2877,19,24,Tilted stacking
2878,19,24,Tilted stacking
2879,19,24,Tilted stacking
2880,19,24,Tilted stacking
2881,19,24,Tilted stacking
2882,19,24,Tilted stacking
2883,19,24,Tilted stacking
2884,19,24,Tilted stacking
2886,19,24,Tilted stacking
2887,19,24,Tilted stacking
2888,19,24,Tilted stacking
2889,19,24,Tilted stacking
2890,19,24,Tilted stacking
2891,19,24,Tilted stacking
2892,19,24,Tilted stacking
2893,19,24,Tilted stacking
2894,19,24,Tilted stacking
2895,19,24,Tilted stacking
2897,19,24,Tilted stacking
2908,19,24,Tilted stacking
2909,19,24,Tilted stacking
2913,19,24,Tilted stacking
2914,19,24,Tilted stacking
2915,19,24,Tilted stacking
2920,19,24,Tilted stacking
2921,19,24,Tilted stacking
2922,19,24,Tilted stacking
2923,19,24,Tilted stacking
2924,19,24,Tilted stacking
2925,19,24,Tilted stacking
2930,19,24,Tilted stacking
2935,19,24,Tilted stacking
2937,19,24,Tilted stacking
2939,19,24,Tilted stacking
2941,19,24,Tilted stacking
2942,19,24,Tilted stacking
2943,19,24,Tilted stacking
2944,19,24,Tilted stacking
2946,19,24,Tilted stacking
2959,19,24,Tilted stacking
2960,19,24,Tilted stacking
2962,19,24,Tilted stacking
2963,19,24,Tilted stacking
2964,19,24,Tilted stacking
2965,19,24,Tilted stacking
2966,19,24,Tilted stacking
2967,19,24,Tilted stacking
2968,19,24,Tilted stacking
2970,19,24,Tilted stacking
2971,19,24,Tilted stacking
2972,19,24,Tilted stacking
2973,19,24,Tilted stacking
2974,19,24,Tilted stacking
2975,19,24,Tilted stacking
2976,19,24,Tilted stacking
2980,19,24,Tilted stacking
2981,19,24,Tilted stacking
2982,19,24,Tilted stacking
2988,19,24,Tilted stacking
2989,19,24,Tilted stacking
2990,19,24,Tilted stacking
2991,19,24,Tilted stacking
2992,19,24,Tilted stacking
2993,19,24,Tilted stacking
2994,19,24,Tilted stacking
2995,19,24,Tilted stacking
2996,19,24,Tilted stacking
2997,19,24,Tilted stacking
2998,19,24,Tilted stacking
3000,19,24,Tilted stacking
3002,19,24,Tilted stacking
3014,19,24,Tilted stacking
3015,19,24,Tilted stacking
3016,19,24,Tilted stacking
3021,19,24,Tilted stacking
3024,19,24,Tilted stacking
3025,19,24,Tilted stacking
3026,19,24,Tilted stacking
3027,19,24,Tilted stacking
3028,19,24,Tilted stacking
3029,19,24,Tilted stacking
3030,19,24,Tilted stacking
3031,19,24,Tilted stacking
3032,19,24,Tilted stacking
3033,19,24,Tilted stacking
3034,19,24,Tilted stacking
3035,19,24,Tilted stacking
3039,19,24,Tilted stacking
3040,19,24,Tilted stacking
3041,19,24,Tilted stacking
3043,19,24,Tilted stacking
3044,19,24,Tilted stacking
3045,19,24,Tilted stacking
3047,19,24,Tilted stacking
3048,19,24,Tilted stacking
3049,19,24,Tilted stacking
3050,19,24,Tilted stacking
3051,19,24,Tilted stacking
3053,19,24,Tilted stacking
3054,19,24,Tilted stacking
3055,19,24,Tilted stacking
3056,19,24,Tilted stacking
3058,19,24,Tilted stacking
3060,19,24,Tilted stacking
3061,19,24,Tilted stacking
3063,19,24,Tilted stacking
3065,19,24,Tilted stacking
3066,19,24,Tilted stacking
3068,19,24,Tilted stacking
3069,19,24,Tilted stacking
3071,19,24,Tilted stacking
3072,19,24,Tilted stacking
3073,19,24,Tilted stacking
3074,19,24,Tilted stacking
3075,19,24,Tilted stacking
3076,19,24,Tilted stacking
3077,19,24,Tilted stacking
3078,19,24,Tilted stacking
3079,19,24,Tilted stacking
3080,19,24,Tilted stacking
3081,19,24,Tilted stacking
3082,19,24,Tilted stacking
3083,19,24,Tilted stacking
3085,19,24,Tilted stacking
3086,19,24,Tilted stacking
3088,19,24,Tilted stacking
3089,19,24,Tilted stacking
3090,19,24,Tilted stacking
3091,19,24,Tilted stacking
3092,19,24,Tilted stacking
3093,19,24,Tilted stacking
3095,19,24,Tilted stacking
3096,19,24,Tilted stacking
3097,19,24,Tilted stacking
3098,19,24,Tilted stacking
3100,19,24,Tilted stacking
3101,19,24,Tilted stacking
3102,19,24,Tilted stacking
3104,19,24,Tilted stacking
3105,19,24,Tilted stacking
3106,19,24,Tilted stacking
3107,19,24,Tilted stacking
3108,19,24,Tilted stacking
3109,19,24,Tilted stacking
3110,19,24,Tilted stacking
3111,19,24,Tilted stacking
3112,19,24,Tilted stacking
3113,19,24,Tilted stacking
3114,19,24,Tilted stacking
3115,19,24,Tilted stacking
3117,19,24,Tilted stacking
3118,19,24,Tilted stacking
3119,19,24,Tilted stacking
3120,19,24,Tilted stacking
3121,19,24,Tilted stacking
3122,19,24,Tilted stacking
3123,19,24,Tilted stacking
3124,19,24,Tilted stacking
3125,19,24,Tilted stacking
3126,19,24,Tilted stacking
3127,19,24,Tilted stacking
3128,19,24,Tilted stacking
3129,19,24,Tilted stacking
3130,19,24,Tilted stacking
3131,19,24,Tilted stacking
3132,19,24,Tilted stacking
3133,19,24,Tilted stacking
3134,19,24,Tilted stacking
3135,19,24,Tilted stacking
3136,19,24,Tilted stacking
3137,19,24,Tilted stacking
3138,19,24,Tilted stacking
3139,19,24,Tilted stacking
3140,19,24,Tilted stacking
3141,19,24,Tilted stacking
3142,19,24,Tilted stacking
3143,19,24,Tilted stacking
3144,19,24,Tilted stacking
3145,19,24,Tilted stacking
3146,19,24,Tilted stacking
3147,19,24,Tilted stacking
3148,19,24,Tilted stacking
3149,19,24,Tilted stacking
3150,19,24,Tilted stacking
3151,19,24,Tilted stacking
3152,19,24,Tilted stacking
3153,19,24,Tilted stacking
3154,19,24,Tilted stacking
3155,19,24,Tilted stacking
3156,19,24,Tilted stacking
3157,19,24,Tilted stacking
3158,19,24,Tilted stacking
3159,19,24,Tilted stacking
3160,19,24,Tilted stacking
3161,19,24,Tilted stacking
3162,19,24,Tilted stacking
3163,19,24,Tilted stacking
3164,19,24,Tilted stacking
3165,19,24,Tilted stacking
3166,19,24,Tilted stacking
3167,19,24,Tilted stacking
3168,19,24,Tilted stacking
3169,19,24,Tilted stacking
3170,19,24,Tilted stacking
3171,19,24,Tilted stacking
3172,19,24,Tilted stacking
3173,19,24,Tilted stacking
3174,19,24,Tilted stacking
3175,19,24,Tilted stacking
3176,19,24,Tilted stacking
3177,19,24,Tilted stacking
3178,19,24,Tilted stacking
3179,19,24,Tilted stacking
3180,19,24,Tilted stacking
3181,19,24,Tilted stacking
3182,19,24,Tilted stacking
3184,19,24,Tilted stacking
3185,19,24,Tilted stacking
3186,19,24,Tilted stacking
3187,19,24,Tilted stacking
3188,19,24,Tilted stacking
3190,19,24,Tilted stacking
3191,19,24,Tilted stacking
3192,19,24,Tilted stacking
3193,19,24,Tilted stacking
3195,19,24,Tilted stacking
3196,19,24,Tilted stacking
3197,19,24,Tilted stacking
3202,19,24,Tilted stacking
3204,19,24,Tilted stacking
3208,19,24,Tilted stacking
3209,19,24,Tilted stacking
3211,19,24,Tilted stacking
3212,19,24,Tilted stacking
3213,19,24,Tilted stacking
3214,19,24,Tilted stacking
3215,19,24,Tilted stacking
3217,19,24,Tilted stacking
3218,19,24,Tilted stacking
3219,19,24,Tilted stacking
3220,19,24,Tilted stacking
3224,19,24,Tilted stacking
3225,19,24,Tilted stacking
3226,19,24,Tilted stacking
3228,19,24,Tilted stacking
3233,19,24,Tilted stacking
3234,19,24,Tilted stacking
3235,19,24,Tilted stacking
3236,19,24,Tilted stacking
3237,19,24,Tilted stacking
3238,19,24,Tilted stacking
3239,19,24,Tilted stacking
3240,19,24,Tilted stacking
3241,19,24,Tilted stacking
3242,19,24,Tilted stacking
3243,19,24,Tilted stacking
3244,19,24,Tilted stacking
3245,19,24,Tilted stacking
3246,19,24,Tilted stacking
3247,19,24,Tilted stacking
3248,19,24,Tilted stacking
3249,19,24,Tilted stacking
3250,19,24,Tilted stacking
3254,19,24,Tilted stacking
3258,19,24,Tilted stacking
3259,19,24,Tilted stacking
3260,19,24,Tilted stacking
3261,19,24,Tilted stacking
3262,19,24,Tilted stacking
3264,19,24,Tilted stacking
3265,19,24,Tilted stacking
3267,19,24,Tilted stacking
3269,19,24,Tilted stacking
3270,19,24,Tilted stacking
3271,19,24,Tilted stacking
3272,19,24,Tilted stacking
3273,19,24,Tilted stacking
3274,19,24,Tilted stacking
3275,19,24,Tilted stacking
3276,19,24,Tilted stacking
3277,19,24,Tilted stacking
3278,19,24,Tilted stacking
3279,19,24,Tilted stacking
3280,19,24,Tilted stacking
3281,19,24,Tilted stacking
3282,19,24,Tilted stacking
3284,19,24,Tilted stacking
3285,19,24,Tilted stacking
3286,19,24,Tilted stacking
3299,19,24,Tilted stacking
3300,19,24,Tilted stacking
3301,19,24,Tilted stacking
3302,19,24,Tilted stacking
3304,19,24,Tilted stacking
3305,19,24,Tilted stacking
3306,19,24,Tilted stacking
3307,19,24,Tilted stacking
3308,19,24,Tilted stacking
3309,19,24,Tilted stacking
3310,19,24,Tilted stacking
3311,19,24,Tilted stacking
3312,19,24,Tilted stacking
3313,19,24,Tilted stacking
3314,19,24,Tilted stacking
3315,19,24,Tilted stacking
3316,19,24,Tilted stacking
3317,19,24,Tilted stacking
3321,19,24,Tilted stacking
3322,19,24,Tilted stacking
3323,19,24,Tilted stacking
3324,19,24,Tilted stacking
3325,19,24,Tilted stacking
3326,19,24,Tilted stacking
3327,19,24,Tilted stacking
3328,19,24,Tilted stacking
3329,19,24,Tilted stacking
3330,19,24,Tilted stacking
3331,19,24,Tilted stacking
3332,19,24,Tilted stacking
3333,19,24,Tilted stacking
3334,19,24,Tilted stacking
3335,19,24,Tilted stacking
3336,19,24,Tilted stacking
3337,19,24,Tilted stacking
3338,19,24,Tilted stacking
3339,19,24,Tilted stacking
3340,19,24,Tilted stacking
3341,19,24,Tilted stacking
3342,19,24,Tilted stacking
3344,19,24,Tilted stacking
3347,19,24,Tilted stacking
3348,19,24,Tilted stacking
3349,19,24,Tilted stacking
3350,19,24,Tilted stacking
3351,19,24,Tilted stacking
3352,19,24,Tilted stacking
3354,19,24,Tilted stacking
3355,19,24,Tilted stacking
3356,19,24,Tilted stacking
3357,19,24,Tilted stacking
3358,19,24,Tilted stacking
3360,19,24,Tilted stacking
3361,19,24,Tilted stacking
3362,19,24,Tilted stacking
3363,19,24,Tilted stacking
3364,19,24,Tilted stacking
3365,19,24,Tilted stacking
3366,19,24,Tilted stacking
3367,19,24,Tilted stacking
3368,19,24,Tilted stacking
3370,19,24,Tilted stacking
3371,19,24,Tilted stacking
3372,19,24,Tilted stacking
3373,19,24,Tilted stacking
3374,19,24,Tilted stacking
3375,19,24,Tilted stacking
3376,19,24,Tilted stacking
3377,19,24,Tilted stacking
3378,19,24,Tilted stacking
3380,19,24,Tilted stacking
3381,19,24,Tilted stacking
3383,19,24,Tilted stacking
3384,19,24,Tilted stacking
3385,19,24,Tilted stacking
3386,19,24,Tilted stacking
3387,19,24,Tilted stacking
3388,19,24,Tilted stacking
3389,19,24,Tilted stacking
3390,19,24,Tilted stacking
3391,19,24,Tilted stacking
3401,19,24,Tilted stacking
3406,19,24,Tilted stacking
3426,19,24,Tilted stacking
3447,19,24,Tilted stacking
3456,19,24,Tilted stacking
3462,19,24,Tilted stacking
3463,19,24,Tilted stacking
3468,19,24,Tilted stacking
3472,19,24,Tilted stacking
3473,19,24,Tilted stacking
3474,19,24,Tilted stacking
3476,19,24,Tilted stacking
3479,19,24,Tilted stacking
3483,19,24,Tilted stacking
3485,19,24,Tilted stacking
3487,19,24,Tilted stacking
3488,19,24,Tilted stacking
3490,19,24,Tilted stacking
3493,19,24,Tilted stacking
3494,19,24,Tilted stacking
3496,19,24,Tilted stacking
3498,19,24,Tilted stacking
3499,19,24,Tilted stacking
3500,19,24,Tilted stacking
3501,19,24,Tilted stacking
3503,19,24,Tilted stacking
3508,19,24,Tilted stacking
3509,19,24,Tilted stacking
3511,19,24,Tilted stacking
3514,19,24,Tilted stacking
3515,19,24,Tilted stacking
3525,19,24,Tilted stacking
3526,19,24,Tilted stacking
3533,19,24,Tilted stacking
3543,19,24,Tilted stacking
3544,19,24,Tilted stacking
3548,19,24,Tilted stacking
3552,19,24,Tilted stacking
3553,19,24,Tilted stacking
3555,19,24,Tilted stacking
3561,19,24,Tilted stacking
3562,19,24,Tilted stacking
3563,19,24,Tilted stacking
3564,19,24,Tilted stacking
3566,19,24,Tilted stacking
3571,19,24,Tilted stacking
3579,19,24,Tilted stacking
3580,19,24,Tilted stacking
3581,19,24,Tilted stacking
3585,19,24,Tilted stacking
3590,19,24,Tilted stacking
3592,19,24,Tilted stacking
3593,19,24,Tilted stacking
3594,19,24,Tilted stacking
3598,19,24,Tilted stacking
3599,19,24,Tilted stacking
3601,19,24,Tilted stacking
3603,19,24,Tilted stacking
3604,19,24,Tilted stacking
3611,19,24,Tilted stacking
3612,19,24,Tilted stacking
3614,19,24,Tilted stacking
3615,19,24,Tilted stacking
3616,19,24,Tilted stacking
3617,19,24,Tilted stacking
3618,19,24,Tilted stacking
3621,19,24,Tilted stacking
3622,19,24,Tilted stacking
3623,19,24,Tilted stacking
3625,19,24,Tilted stacking
3627,19,24,Tilted stacking
3628,19,24,Tilted stacking
3630,19,24,Tilted stacking
3633,19,24,Tilted stacking
3634,19,24,Tilted stacking
3635,19,24,Tilted stacking
3647,19,24,Tilted stacking
3652,19,24,Tilted stacking
3661,19,24,Tilted stacking
3667,19,24,Tilted stacking
3668,19,24,Tilted stacking
3669,19,24,Tilted stacking
3670,19,24,Tilted stacking
3671,19,24,Tilted stacking
3672,19,24,Tilted stacking
3673,19,24,Tilted stacking
3674,19,24,Tilted stacking
3675,19,24,Tilted stacking
3676,19,24,Tilted stacking
3677,19,24,Tilted stacking
3678,19,24,Tilted stacking
3679,19,24,Tilted stacking
3680,19,24,Tilted stacking
3681,19,24,Tilted stacking
3682,19,24,Tilted stacking
3683,19,24,Tilted stacking
3684,19,24,Tilted stacking
3685,19,24,Tilted stacking
3686,19,24,Tilted stacking
3687,19,24,Tilted stacking
3688,19,24,Tilted stacking
3689,19,24,Tilted stacking
3690,19,24,Tilted stacking
3691,19,24,Tilted stacking
3692,19,24,Tilted stacking
3693,19,24,Tilted stacking
3694,19,24,Tilted stacking
3695,19,24,Tilted stacking
3696,19,24,Tilted stacking
3697,19,24,Tilted stacking
3698,19,24,Tilted stacking
3699,19,24,Tilted stacking
3700,19,24,Tilted stacking
3701,19,24,Tilted stacking
3702,19,24,Tilted stacking
3703,19,24,Tilted stacking
3704,19,24,Tilted stacking
3705,19,24,Tilted stacking
3706,19,24,Tilted stacking
3707,19,24,Tilted stacking
3708,19,24,Tilted stacking
3709,19,24,Tilted stacking
3710,19,24,Tilted stacking
3711,19,24,Tilted stacking
3712,19,24,Tilted stacking
3713,19,24,Tilted stacking
3714,19,24,Tilted stacking
3715,19,24,Tilted stacking
3716,19,24,Tilted stacking
3717,19,24,Tilted stacking
3718,19,24,Tilted stacking
3719,19,24,Tilted stacking
3720,19,24,Tilted stacking
3721,19,24,Tilted stacking
3723,19,24,Tilted stacking
3724,19,24,Tilted stacking
3725,19,24,Tilted stacking
3726,19,24,Tilted stacking
3727,19,24,Tilted stacking
3728,19,24,Tilted stacking
3729,19,24,Tilted stacking
3730,19,24,Tilted stacking
3731,19,24,Tilted stacking
3732,19,24,Tilted stacking
3733,19,24,Tilted stacking
3734,19,24,Tilted stacking
3735,19,24,Tilted stacking
3736,19,24,Tilted stacking
3737,19,24,Tilted stacking
3738,19,24,Tilted stacking
3739,19,24,Tilted stacking
3740,19,24,Tilted stacking
3741,19,24,Tilted stacking
3742,19,24,Tilted stacking
3743,19,24,Tilted stacking
3744,19,24,Tilted stacking
3745,19,24,Tilted stacking
3746,19,24,Tilted stacking
3747,19,24,Tilted stacking
3748,19,24,Tilted stacking
3749,19,24,Tilted stacking
3750,19,24,Tilted stacking
3751,19,24,Tilted stacking
3752,19,24,Tilted stacking
3753,19,24,Tilted stacking
3754,19,24,Tilted stacking
3755,19,24,Tilted stacking
3756,19,24,Tilted stacking
3757,19,24,Tilted stacking
3758,19,24,Tilted stacking
3759,19,24,Tilted stacking
3760,19,24,Tilted stacking
3761,19,24,Tilted stacking
3762,19,24,Tilted stacking
3763,19,24,Tilted stacking
3764,19,24,Tilted stacking
3765,19,24,Tilted stacking
3766,19,24,Tilted stacking
3767,19,24,Tilted stacking
3768,19,24,Tilted stacking
3769,19,24,Tilted stacking
3770,19,24,Tilted stacking
3771,19,24,Tilted stacking
3772,19,24,Tilted stacking
3773,19,24,Tilted stacking
3774,19,24,Tilted stacking
3775,19,24,Tilted stacking
3776,19,24,Tilted stacking
3777,19,24,Tilted stacking
3778,19,24,Tilted stacking
3779,19,24,Tilted stacking
3780,19,24,Tilted stacking
3781,19,24,Tilted stacking
3782,19,24,Tilted stacking
3783,19,24,Tilted stacking
3784,19,24,Tilted stacking
3785,19,24,Tilted stacking
3786,19,24,Tilted stacking
3787,19,24,Tilted stacking
3788,19,24,Tilted stacking
3789,19,24,Tilted stacking
3790,19,24,Tilted stacking
3791,19,24,Tilted stacking
3792,19,24,Tilted stacking
3793,19,24,Tilted stacking
3794,19,24,Tilted stacking
3795,19,24,Tilted stacking
3796,19,24,Tilted stacking
3797,19,24,Tilted stacking
3798,19,24,Tilted stacking
3799,19,24,Tilted stacking
3800,19,24,Tilted stacking
3801,19,24,Tilted stacking
3802,19,24,Tilted stacking
3803,19,24,Tilted stacking
3804,19,24,Tilted stacking
3805,19,24,Tilted stacking
3806,19,24,Tilted stacking
3807,19,24,Tilted stacking
3808,19,24,Tilted stacking
3809,19,24,Tilted stacking
3810,19,24,Tilted stacking
3811,19,24,Tilted stacking
3812,19,24,Tilted stacking
3813,19,24,Tilted stacking
3814,19,24,Tilted stacking
3815,19,24,Tilted stacking
3816,19,24,Tilted stacking
3817,19,24,Tilted stacking
3818,19,24,Tilted stacking
3819,19,24,Tilted stacking
3820,19,24,Tilted stacking
3821,19,24,Tilted stacking
3822,19,24,Tilted stacking
3823,19,24,Tilted stacking
3824,19,24,Tilted stacking
3825,19,24,Tilted stacking
3826,19,24,Tilted stacking
3827,19,24,Tilted stacking
3828,19,24,Tilted stacking
3829,19,24,Tilted stacking
3830,19,24,Tilted stacking
3831,19,24,Tilted stacking
3832,19,24,Tilted stacking
3833,19,24,Tilted stacking
3834,19,24,Tilted stacking
3835,19,24,Tilted stacking
3836,19,24,Tilted stacking
3837,19,24,Tilted stacking
3838,19,24,Tilted stacking
3839,19,24,Tilted stacking
3840,19,24,Tilted stacking
3841,19,24,Tilted stacking
3842,19,24,Tilted stacking
3843,19,24,Tilted stacking
3844,19,24,Tilted stacking
3845,19,24,Tilted stacking
3846,19,24,Tilted stacking
3847,19,24,Tilted stacking
3848,19,24,Tilted stacking
3849,19,24,Tilted stacking
3850,19,24,Tilted stacking
3851,19,24,Tilted stacking
3852,19,24,Tilted stacking
3853,19,24,Tilted stacking
3854,19,24,Tilted stacking
3855,19,24,Tilted stacking
3856,19,24,Tilted stacking
3857,19,24,Tilted stacking
3858,19,24,Tilted stacking
3859,19,24,Tilted stacking
3860,19,24,Tilted stacking
3861,19,24,Tilted stacking
3862,19,24,Tilted stacking
3863,19,24,Tilted stacking
3864,19,24,Tilted stacking
3865,19,24,Tilted stacking
3866,19,24,Tilted stacking
3867,19,24,Tilted stacking
3868,19,24,Tilted stacking
3869,19,24,Tilted stacking
3870,19,24,Tilted stacking
3871,19,24,Tilted stacking
3872,19,24,Tilted stacking
3873,19,24,Tilted stacking
3874,19,24,Tilted stacking
3875,19,24,Tilted stacking
3876,19,24,Tilted stacking
3877,19,24,Tilted stacking
3878,19,24,Tilted stacking
3879,19,24,Tilted stacking
3880,19,24,Tilted stacking
3881,19,24,Tilted stacking
3882,19,24,Tilted stacking
3883,19,24,Tilted stacking
3884,19,24,Tilted stacking
3885,19,24,Tilted stacking
3886,19,24,Tilted stacking
3887,19,24,Tilted stacking
3888,19,24,Tilted stacking
3889,19,24,Tilted stacking
3890,19,24,Tilted stacking
3891,19,24,Tilted stacking
3892,19,24,Tilted stacking
3893,19,24,Tilted stacking
3894,19,24,Tilted stacking
3895,19,24,Tilted stacking
3896,19,24,Tilted stacking
3897,19,24,Tilted stacking
3898,19,24,Tilted stacking
3899,19,24,Tilted stacking
3900,19,24,Tilted stacking
3901,19,24,Tilted stacking
3902,19,24,Tilted stacking
3903,19,24,Tilted stacking
3904,19,24,Tilted stacking
3905,19,24,Tilted stacking
3906,19,24,Tilted stacking
3907,19,24,Tilted stacking
3908,19,24,Tilted stacking
3909,19,24,Tilted stacking
3910,19,24,Tilted stacking
3911,19,24,Tilted stacking
3912,19,24,Tilted stacking
3913,19,24,Tilted stacking
3914,19,24,Tilted stacking
3915,19,24,Tilted stacking
3916,19,24,Tilted stacking
3917,19,24,Tilted stacking
3918,19,24,Tilted stacking
3919,19,24,Tilted stacking
3920,19,24,Tilted stacking
3921,19,24,Tilted stacking
3922,19,24,Tilted stacking
3923,19,24,Tilted stacking
3924,19,24,Tilted stacking
3925,19,24,Tilted stacking
3926,19,24,Tilted stacking
3927,19,24,Tilted stacking
3928,19,24,Tilted stacking
3929,19,24,Tilted stacking
3930,19,24,Tilted stacking
3931,19,24,Tilted stacking
3932,19,24,Tilted stacking
3933,19,24,Tilted stacking
3934,19,24,Tilted stacking
3935,19,24,Tilted stacking
3936,19,24,Tilted stacking
3937,19,24,Tilted stacking
3938,19,24,Tilted stacking
3939,19,24,Tilted stacking
3940,19,24,Tilted stacking
3941,19,24,Tilted stacking
3942,19,24,Tilted stacking
3943,19,24,Tilted stacking
3944,19,24,Tilted stacking
3945,19,24,Tilted stacking
3946,19,24,Tilted stacking
3947,19,24,Tilted stacking
3948,19,24,Tilted stacking
3949,19,24,Tilted stacking
3950,19,24,Tilted stacking
3951,19,24,Tilted stacking
3952,19,24,Tilted stacking
3953,19,24,Tilted stacking
3954,19,24,Tilted stacking
3955,19,24,Tilted stacking
3956,19,24,Tilted stacking
3957,19,24,Tilted stacking
3958,19,24,Tilted stacking
3959,19,24,Tilted stacking
3960,19,24,Tilted stacking
3961,19,24,Tilted stacking
3962,19,24,Tilted stacking
3963,19,24,Tilted stacking
3964,19,24,Tilted stacking
3965,19,24,Tilted stacking
3966,19,24,Tilted stacking
3967,19,24,Tilted stacking
3968,19,24,Tilted stacking
3969,19,24,Tilted stacking
3970,19,24,Tilted stacking
3971,19,24,Tilted stacking
3972,19,24,Tilted stacking
3973,19,24,Tilted stacking
3974,19,24,Tilted stacking
3975,19,24,Tilted stacking
3976,19,24,Tilted stacking
3977,19,24,Tilted stacking
3979,19,24,Tilted stacking
3980,19,24,Tilted stacking
3981,19,24,Tilted stacking
3982,19,24,Tilted stacking
3983,19,24,Tilted stacking
3984,19,24,Tilted stacking
3986,19,24,Tilted stacking
3987,19,24,Tilted stacking
3988,19,24,Tilted stacking
3989,19,24,Tilted stacking
3990,19,24,Tilted stacking
3991,19,24,Tilted stacking
3992,19,24,Tilted stacking
3993,19,24,Tilted stacking
3994,19,24,Tilted stacking
3995,19,24,Tilted stacking
3996,19,24,Tilted stacking
3997,19,24,Tilted stacking
3998,19,24,Tilted stacking
3999,19,24,Tilted stacking
4000,19,24,Tilted stacking
4001,19,24,Tilted stacking
4002,19,24,Tilted stacking
4003,19,24,Tilted stacking
4004,19,24,Tilted stacking
4005,19,24,Tilted stacking
4006,19,24,Tilted stacking
4007,19,24,Tilted stacking
4008,19,24,Tilted stacking
4009,19,24,Tilted stacking
4010,19,24,Tilted stacking
4011,19,24,Tilted stacking
4012,19,24,Tilted stacking
4013,19,24,Tilted stacking
4014,19,24,Tilted stacking
4015,19,24,Tilted stacking
4019,19,24,Tilted stacking
4021,19,24,Tilted stacking
4022,19,24,Tilted stacking
4023,19,24,Tilted stacking
4026,19,24,Tilted stacking
4028,19,24,Tilted stacking
4030,19,24,Tilted stacking
4036,19,24,Tilted stacking
4037,19,24,Tilted stacking
4038,19,24,Tilted stacking
4039,19,24,Tilted stacking
4040,19,24,Tilted stacking
4041,19,24,Tilted stacking
4042,19,24,Tilted stacking
4043,19,24,Tilted stacking
4045,19,24,Tilted stacking
4046,19,24,Tilted stacking
4057,19,24,Tilted stacking
4058,19,24,Tilted stacking
4059,19,24,Tilted stacking
4060,19,24,Tilted stacking
4062,19,24,Tilted stacking
4063,19,24,Tilted stacking
4064,19,24,Tilted stacking
4065,19,24,Tilted stacking
4066,19,24,Tilted stacking
4067,19,24,Tilted stacking
4068,19,24,Tilted stacking
4069,19,24,Tilted stacking
4070,19,24,Tilted stacking
4071,19,24,Tilted stacking
4072,19,24,Tilted stacking
4073,19,24,Tilted stacking
4074,19,24,Tilted stacking
4075,19,24,Tilted stacking
4076,19,24,Tilted stacking
4077,19,24,Tilted stacking
4078,19,24,Tilted stacking
4079,19,24,Tilted stacking
4080,19,24,Tilted stacking
4081,19,24,Tilted stacking
4082,19,24,Tilted stacking
4083,19,24,Tilted stacking
4084,19,24,Tilted stacking
4085,19,24,Tilted stacking
4086,19,24,Tilted stacking
4087,19,24,Tilted stacking
4088,19,24,Tilted stacking
4089,19,24,Tilted stacking
4090,19,24,Tilted stacking
4091,19,24,Tilted stacking
4092,19,24,Tilted stacking
4093,19,24,Tilted stacking
4094,19,24,Tilted stacking
4095,19,24,Tilted stacking
4097,19,24,Tilted stacking
4098,19,24,Tilted stacking
4099,19,24,Tilted stacking
4100,19,24,Tilted stacking
4101,19,24,Tilted stacking
4102,19,24,Tilted stacking
4103,19,24,Tilted stacking
4104,19,24,Tilted stacking
4105,19,24,Tilted stacking
4107,19,24,Tilted stacking
4108,19,24,Tilted stacking
4109,19,24,Tilted stacking
4110,19,24,Tilted stacking
4111,19,24,Tilted stacking
4112,19,24,Tilted stacking
4113,19,24,Tilted stacking
4114,19,24,Tilted stacking
4115,19,24,Tilted stacking
4116,19,24,Tilted stacking
4117,19,24,Tilted stacking
4118,19,24,Tilted stacking
4119,19,24,Tilted stacking
4120,19,24,Tilted stacking
4121,19,24,Tilted stacking
4122,19,24,Tilted stacking
4123,19,24,Tilted stacking
4124,19,24,Tilted stacking
4125,19,24,Tilted stacking
4126,19,24,Tilted stacking
4127,19,24,Tilted stacking
4128,19,24,Tilted stacking
4129,19,24,Tilted stacking
4130,19,24,Tilted stacking
4131,19,24,Tilted stacking
4132,19,24,Tilted stacking
4133,19,24,Tilted stacking
4134,19,24,Tilted stacking
4135,19,24,Tilted stacking
4136,19,24,Tilted stacking
4137,19,24,Tilted stacking
4138,19,24,Tilted stacking
4139,19,24,Tilted stacking
4140,19,24,Tilted stacking
4141,19,24,Tilted stacking
4142,19,24,Tilted stacking
4143,19,24,Tilted stacking
4144,19,24,Tilted stacking
4145,19,24,Tilted stacking
4146,19,24,Tilted stacking
4147,19,24,Tilted stacking
4148,19,24,Tilted stacking
4149,19,24,Tilted stacking
4150,19,24,Tilted stacking
4151,19,24,Tilted stacking
4152,19,24,Tilted stacking
4153,19,24,Tilted stacking
4154,19,24,Tilted stacking
4155,19,24,Tilted stacking
4156,19,24,Tilted stacking
4157,19,24,Tilted stacking
4158,19,24,Tilted stacking
4159,19,24,Tilted stacking
4160,19,24,Tilted stacking
4161,19,24,Tilted stacking
4162,19,24,Tilted stacking
4163,19,24,Tilted stacking
4164,19,24,Tilted stacking
4165,19,24,Tilted stacking
4166,19,24,Tilted stacking
4167,19,24,Tilted stacking
4168,19,24,Tilted stacking
4169,19,24,Tilted stacking
4170,19,24,Tilted stacking
4171,19,24,Tilted stacking
4172,19,24,Tilted stacking
4173,19,24,Tilted stacking
4174,19,24,Tilted stacking
4175,19,24,Tilted stacking
4176,19,24,Tilted stacking
4177,19,24,Tilted stacking
4178,19,24,Tilted stacking
4179,19,24,Tilted stacking
4180,19,24,Tilted stacking
4181,19,24,Tilted stacking
4182,19,24,Tilted stacking
4183,19,24,Tilted stacking
4184,19,24,Tilted stacking
4185,19,24,Tilted stacking
4186,19,24,Tilted stacking
